county,code,category,direction,is_rule8,is_conversion_artifact,n_rows,total_amount,notes
adair,SFIJC,,,FALSE,FALSE,75,43161.2,"SHERIFF'S FUND - INMATE JAIL COSTS Pursuant to 12 O.S. § 39,"
adair,FINE,,,FALSE,FALSE,121,24145,FINES PAYABLE TO COUNTY
adair,OCISR,,,FALSE,FALSE,566,14019,OKLAHOMA COURT INFORMATION SYSTEM REVOLVING FUND
adair,AC53,,,FALSE,FALSE,37,8100,(FORMERLY PC04) IDS ATTORNEY FEES - CRIMINAL ONLY
adair,CTFD,,,FALSE,FALSE,30,6850,COURT FUND ASSESSMENT
adair,COSTM,,,FALSE,FALSE,81,6723,COURT COSTS ON MISDEMEANOR
adair,TCARF,,,FALSE,FALSE,175,6430,TRAUMA CARE ASSISTANCE REVOLVING FUND
adair,VCA,,,FALSE,FALSE,66,5815.55,VICTIMS COMPENSATION ASSESSMENT (AC12)
adair,SFC,,,FALSE,FALSE,13,5779.39,CASE SENT FOR COLLECTION. BATCH ID: 20191001-2462 - COLLECTI
adair,BWIFA,,,FALSE,FALSE,112,5553,"BENCH WARRANT ISSUED FAILED TO APPEAR, JUDGE: L. BROWN - BON"
adair,COSTF,,,FALSE,FALSE,54,5542,COURT COSTS ON FELONY
adair,BWIFC,,,FALSE,FALSE,81,4050,"BENCH WARRANT ISSUED - FAILURE TO COMPLY, JUDGE: L. BROWN - "
adair,COSTT,,,FALSE,FALSE,45,3955,TRAFFIC COSTS
adair,DCADMIN,,,FALSE,FALSE,143,3519.81,DISTRICT COURT ADMINISTRATIVE FEE
adair,ATFEE,,,FALSE,FALSE,17,3450,COURT APPOINTED ATTORNEY FEE ASSESSED TO DEFENDANT (OIDS)***
adair,AC26,,,FALSE,FALSE,9,3210,DA DRUG FUND
adair,BWIFP,,,FALSE,FALSE,62,3100,"BENCH WARRANT ISSUED FAILED TO PAY, JUDGE: L. BROWN - BOND A"
adair,BO,,,FALSE,FALSE,160,3000,"PROFESSIONAL BOND FOR JONES, ANTHONY RANDELL POSTED BY DOHER"
adair,CCADMIN,,,FALSE,FALSE,184,2808.26,COURT CLERK ADMINISTRATIVE FEE ON COLLECTIONS
adair,COSTD,,,FALSE,FALSE,8,2659,COURT COSTS ON DUI
adair,BOJ,,,FALSE,FALSE,104,2600,BOND INITIAL FILING JAIL FUND FEE
adair,DADRUG,,,FALSE,FALSE,8,2531,DISTRICT ATTORNEY DRUG ASSESSMENT***
adair,AIDS,,,FALSE,FALSE,59,2360,APPLICATION FOR INDIGENT DEFENSE
adair,BWIFAP,,,FALSE,FALSE,45,2250,"BENCH WARRANT ISSUED FAILED TO APPEAR AND PAY, JUDGE: L. BRO"
adair,DPSFEE,,,FALSE,FALSE,56,2156,DPS PATROL VEHICLE FUND FEE ASSESSMENT
adair,DACPAM,,,FALSE,FALSE,76,2085,DA COUNCIL PROSECUTION ASSESSMENT FOR MISDEMEANOR
adair,CTS,,,FALSE,FALSE,41,-2069.6,"CREDIT TIME SERVED FOR THRAILKILL, CHRISTOPHER L IN THE AMOU"
adair,BDFOR,,,FALSE,FALSE,1,2000,BOND FORFEITED
adair,DACPAF,,,FALSE,FALSE,47,2000,DA COUNCIL PROSECUTION ASSESSMENT FOR FELONY
adair,CLEET,,,FALSE,FALSE,173,1653,CLEET PENALTY ASSESSMENT
adair,SSFCHS,,,FALSE,FALSE,164,1618,SHERIFF’S SERVICE FEE FOR COURT HOUSE SECURITY
adair,AFIS,,,FALSE,FALSE,173,1441,CLEET PENALTY ASSESSMENT FOR AFIS
adair,FOREN,,,FALSE,FALSE,168,1398,FORENSIC SCIENCE IMPROVEMENT ASSESSMENT
adair,BWIAR,,,FALSE,FALSE,25,1250,"BENCH WARRANT ISSUED ON APPLICATION TO REVOKE, JUDGE: L. BRO"
adair,MELRF,,,FALSE,FALSE,119,1190,MEDICAL EXPENSE LIABILITY REVOLVING FUND
adair,PFE7,,,FALSE,FALSE,188,1128,LAW LIBRARY FEE
adair,SSF,,,FALSE,FALSE,192,949,SHERIFF'S SERVICE FEE ON ARRESTS
adair,WAI$,,,FALSE,FALSE,17,850,"WARRANT OF ARREST ISSUED, JUDGE: L. BROWN - BOND AMOUNT: COU"
adair,CFOCTS,,,FALSE,FALSE,6,-826.78,INCARCERATION CREDITS FOR TIME SERVED IN LIEU OF PAYMENT FOR
adair,TCS,,,FALSE,FALSE,16,800,TRANSPORT COST - SHERIFF
adair,DACPAT,,,FALSE,FALSE,44,755.2,DA COUNCIL PROSECUTION ASSESSMENT FOR TRAFFIC
adair,BFR,,,FALSE,FALSE,25,-625,BOND FEE REALLOCATION FROM COURT FUND
adair,BOJD,,,FALSE,FALSE,25,625,BOND INITIAL FILING JAIL FUND FEE
adair,ADJUST,,,FALSE,FALSE,181,600.22,ADJUSTING ENTRY: MONIES DUE TO AC09-CARD ALLOCATION
adair,BWIAA,,,FALSE,FALSE,11,550,"BENCH WARRANT ISSUED ON APPLICATION TO ACCELERATE, JUDGE: L."
adair,CBWF1,,,FALSE,FALSE,106,530,CLERK'S BENCH WARRANT FEE {TITLE 22 O.S.966A}
adair,AC55,,,FALSE,FALSE,3,495,(FORMERLY PC06) OSBI LAB ANALYSIS - CRIMINAL ONLY
adair,AGVSU,,,FALSE,FALSE,162,479.2,ATTORNEY GENERAL VICTIM SERVICES UNIT
adair,CHAB,,,FALSE,FALSE,162,479.2,C.H.A.B. STATUTORY FEE
adair,SS,,,FALSE,FALSE,8,450,"SUBPOENA SERVED Pursuant to 12 O.S. § 39, Document Available"
adair,DCADMIN25,,,FALSE,FALSE,95,356.25,DISTRICT COURT ADMINISTRATIVE FEE ON $25 COLLECTIONS
adair,CCADMIN25,,,FALSE,FALSE,123,307.5,COURT CLERK ADMINISTRATIVE FEE ON $25 COLLECTIONS
adair,DRUG,,,FALSE,FALSE,3,300,DRUG ABUSE EDUCATION/TREATMENT FEE
adair,AC80,,,FALSE,FALSE,29,275,CORRECTIONS TO ACCOUNTING ENTRIES FOR INITIAL BOND FILING.
adair,AC01,,,FALSE,FALSE,31,-250,MAIL FEE
adair,DTFA,,,FALSE,FALSE,1,250,DRUG TRAFFICKING FINES-ARRESTING AGENCY
adair,DTFC,,,FALSE,FALSE,1,250,DRUG TRAFFICKING FINES-COURT FUND
adair,DTFE,,,FALSE,FALSE,1,250,DRUG TRAFFICKING FINES-DEPARTMENT OF EDUCATION DRUG ABUSE RE
adair,DTFR,,,FALSE,FALSE,1,250,DRUG TRAFFICKING FINES-DISTRICT ATTORNEY REVOLVING FUND
adair,O&J,,,FALSE,FALSE,17,157.44,ORDER & JUDGMENT OF FORFEITURE- CERTIFIED COPY BY CERTIFIED 
adair,BOTRF,,,FALSE,FALSE,4,140,A BOND FROM CASE # NF-2016-30 DATED 09/22/2016 HAS BEEN TRAN
adair,COSTS,,,FALSE,FALSE,4,134.88,TRAFFIC COSTS (SPEEDING - 1 TO 10 OVER)
adair,BNDE,,,FALSE,FALSE,21,105,BUREAU OF NARCOTICS DRUG EDUCATION REVOLVING FUND
adair,AC78,,,FALSE,FALSE,1,100,OKLAHOMA DEPARTMENT OF HEALTH/TRAUMA CARE FUND***
adair,BWIFAA,,,FALSE,FALSE,2,100,BENCH WARRANT ISSUED - FAILURE TO APPEAR - APPLICATION TO AC
adair,RET,,,FALSE,FALSE,2,100,RETURN SERVED DARYLL BUSCHER ON 6-18-2014 Document Available
adair,SIS$,,,FALSE,FALSE,2,100,SUBPOENA ISSUED - SHERIFF STEVEN ROBERTS PHIL VANDYKE MICHAE
adair,TCARFF,,,FALSE,FALSE,1,100,TRAUMA CARE ASSISTANCE REVOLVING FUND FINE
adair,DCADMIN25D,,,FALSE,FALSE,25,93.75,DISTRICT COURT ADMINISTRATIVE FEE ON $25 COLLECTIONS
adair,TR,,,FALSE,FALSE,2,85,TRANSCRIPT
adair,CBELT,,,FALSE,FALSE,8,80,COURT COSTS ON SEAT BELT VIOLATION
adair,WICF,,,FALSE,FALSE,9,79.04,WARRANT INTERCEPT 3% COLLECTION FEE
adair,IDEA,,,FALSE,FALSE,5,75,DPS IMPAIRED DRIVER DATABASE FEE
adair,SFCCC,,,FALSE,FALSE,13,65,ADDITION OF 10% FOR WARRANT COLLECTION
adair,SFCSF,,,FALSE,FALSE,13,-65,REDUCTION IN BENCH WARRANT FEE TO SHERIFF (10%)
adair,CCADMIN25D,,,FALSE,FALSE,25,62.5,COURT CLERK ADMINISTRATIVE FEE ON $25 COLLECTIONS
adair,WINC,,,FALSE,FALSE,6,60,NOTICE OF CLAIM OKLAHOMA TAX COMMISSION WARRANT INTERCEPT
adair,BWIFAR,,,FALSE,FALSE,1,50,BENCH WARRANT ISSUED - FAILURE TO APPEAR - APPLICATION TO RE
adair,AC87,,,FALSE,FALSE,1,35.9,WARRANTS COLLECTIONS
adair,AC52,,,FALSE,FALSE,1,25,STILWELL CAN
adair,AC31,,,FALSE,FALSE,9,-22.5,CORRECTIONS TO ACCOUNTING ENTRIES FOR INITIAL BOND FILING.
adair,AC79,,,FALSE,FALSE,1,20,ADJUSTMENT
adair,CRF,,,FALSE,FALSE,1,20,COURT REPORTER FEE-TRIAL ON MERITS Document Available (#1036
adair,CRFD,,,FALSE,FALSE,1,20,COURT REPORTER FEE ON DISPOSITION Document Available (#10319
adair,MSF,,,FALSE,FALSE,2,20,MAILING SERVICE FEE FOR COST DUE LETTER ($ 10.00) - PAYMENT 
adair,DCADMIN10,,,FALSE,FALSE,8,12,DISTRICT COURT ADMINISTRATIVE FEE ON $10 COLLECTIONS
adair,CCADMINC,,,FALSE,FALSE,5,4.9,COURT CLERK ADMINISTRATIVE FEE ON CLEET COLLECTIONS
adair,CCADMINA,,,FALSE,FALSE,5,4.5,COURT CLERK ADMINISTRATIVE FEE ON AFIS COLLECTIONS
canadian,FINE,,,FALSE,FALSE,153,46554.5,FINES PAYABLE TO COUNTY
canadian,SFIJC,,,FALSE,FALSE,48,41962.4,SHERIFF'S FUND - INMATE JAIL COSTS
canadian,SFC,,,FALSE,FALSE,26,17274.13,CASE SENT FOR COLLECTION. BATCH ID: 20220922-1734 - COLLECTI
canadian,CFOWAV,,,FALSE,FALSE,102,-13310.06,"WAIVER OF COURT FINANCIAL OBLIGATION FOR HAVENER, ROBERT LYN"
canadian,VCA,,,FALSE,FALSE,130,12890,VICTIMS COMPENSATION ASSESSMENT (AC12)
canadian,OCISR,,,FALSE,FALSE,424,10514,OKLAHOMA COURT INFORMATION SYSTEM REVOLVING FUND
canadian,TCARF,,,FALSE,FALSE,167,7250,TRAUMA CARE ASSISTANCE REVOLVING FUND
canadian,COSTF,,,FALSE,FALSE,65,6680,COURT COSTS ON FELONY
canadian,ATFEE,,,FALSE,FALSE,32,5920.94,COURT APPOINTED ATTORNEY FEE ASSESSED TO DEFENDANT (OIDS) CO
canadian,COSTM,,,FALSE,FALSE,63,5229,COURT COSTS ON MISDEMEANOR
canadian,CFIJC,,,FALSE,FALSE,46,4817.6,CLERK FEE - INMATE JAIL COSTS
canadian,DAIJC,,,FALSE,FALSE,51,4703.29,DA FEE - INMATE JAIL COSTS
canadian,DPSFEE,,,FALSE,FALSE,67,4261,DPS PATROL VEHICLE FUND FEE ASSESSMENT
canadian,DCADMIN,,,FALSE,FALSE,139,3843.66,DISTRICT COURT ADMINISTRATIVE FEE
canadian,CCADMIN,,,FALSE,FALSE,183,3815.26,COURT CLERK ADMINISTRATIVE FEE ON COLLECTIONS
canadian,COSTT,,,FALSE,FALSE,42,3696,TRAFFIC COSTS
canadian,BOJ,,,FALSE,FALSE,138,3450,BOND INITIAL FILING JAIL FUND FEE
canadian,RETBW,,,FALSE,FALSE,9,3344.17,"WARRANT RETURNED 5/19/2022, WARRANT ISSUED ON 3/24/2008, WAR"
canadian,CNP,,,FALSE,FALSE,3,-3131.51,CASE NOT PROCESSED. BATCH ID: 20240509-2321 - COLLECTION ID:
canadian,BWIFA,,,FALSE,FALSE,62,3100,"BENCH WARRANT ISSUED FAILED TO APPEAR, JUDGE: BOB HUGHEY - B"
canadian,BWIFC,,,FALSE,FALSE,60,3000,"BENCH WARRANT ISSUED - FAILURE TO COMPLY, JUDGE: JACK MCCURD"
canadian,AIDS,,,FALSE,FALSE,66,2640,APPLICATION AND ORDER FOR APPOINTED COUNSEL AND AFFIDAVIT OF
canadian,DACPAF,,,FALSE,FALSE,61,2625,DA COUNCIL PROSECUTION ASSESSMENT FOR FELONY
canadian,BO,,,FALSE,FALSE,148,2530,"SURETY BOND FOR NORRID, TARA LEANN POSTED BY WILLIAMS, JERI "
canadian,BDFOR,,,FALSE,FALSE,1,2500,BOND FORFEITED-1 YEAR EXPIRED
canadian,COSTD,,,FALSE,FALSE,7,2331,COURT COSTS ON DUI
canadian,CCDUI,,,FALSE,FALSE,14,2303.5,COURT COSTS ON DUI (MUNICIPAL ARREST)
canadian,DACPAM,,,FALSE,FALSE,73,1920,DA COUNCIL PROSECUTION ASSESSMENT FOR MISDEMEANOR
canadian,SSFCHS,,,FALSE,FALSE,176,1738,SHERIFF’S SERVICE FEE FOR COURT HOUSE SECURITY
canadian,CLEET,,,FALSE,FALSE,178,1702,CLEET PENALTY ASSESSMENT
canadian,RTSUB$,,,FALSE,FALSE,33,1650,RETURN SUBPOENA FILED * GENA CAMPBELL - NO SERVICE - BAD ADD
canadian,MUNI,,,FALSE,FALSE,14,1554.25,COSTS TO ARRESTING AGENCY (MUNICIPALITY) ON DUI
canadian,AFIS,,,FALSE,FALSE,178,1486,AFIS FEE
canadian,FOREN,,,FALSE,FALSE,177,1483,FORENSIC SCIENCE IMPROVEMENT ASSESSMENT
canadian,MELRF,,,FALSE,FALSE,130,1300,MEDICAL EXPENSE LIABILITY REVOLVING FUND
canadian,WAI$,,,FALSE,FALSE,26,1280,"WARRANT OF ARREST ISSUED, JUDGE: JACK MCCURDY - BOND AMOUNT:"
canadian,DTFA,,,FALSE,FALSE,1,1250,DRUG TRAFFICKING FINES-ARRESTING AGENCY
canadian,DTFC,,,FALSE,FALSE,1,1250,DRUG TRAFFICKING FINES-COURT FUND
canadian,DTFE,,,FALSE,FALSE,1,1250,DRUG TRAFFICKING FINES-DEPARTMENT OF EDUCATION DRUG ABUSE RE
canadian,DTFR,,,FALSE,FALSE,1,1250,DRUG TRAFFICKING FINES-DISTRICT ATTORNEY REVOLVING FUND
canadian,CFOCTS,,,FALSE,FALSE,18,-1195.5,INCARCERATION CREDITS FOR TIME SERVED IN LIEU OF PAYMENT FOR
canadian,ADJUST,,,FALSE,FALSE,535,1172.76,ADJUSTING ENTRY: MONIES DUE TO AC09-CARD ALLOCATION
canadian,BOTRF,,,FALSE,FALSE,52,1170,A BOND FROM CASE # NF-2007-1002 DATED 08/10/2007 HAS BEEN TR
canadian,PFE7,,,FALSE,FALSE,191,1146,LAW LIBRARY FEE
canadian,WFPDA,,,FALSE,FALSE,9,1007.84,WITNESS FEES PAID BY DISTRICT ATTORNEY-CERTIFICATION OF COUR
canadian,SSF,,,FALSE,FALSE,194,959,SHERIFF'S SERVICE FEE ON ARRESTS
canadian,AC01,,,FALSE,FALSE,48,-950,CORRECTIONS TO ACCOUNTING ENTRIES FOR INITIAL BOND FILING.
canadian,AC80,,,FALSE,FALSE,48,950,CORRECTIONS TO ACCOUNTING ENTRIES FOR INITIAL BOND FILING.
canadian,RWHCP$,,,FALSE,FALSE,3,926.48,RETURN WRIT - HABEAS CORPUS AD PROSEQUENDUM FILED Document A
canadian,FSIN,,,FALSE,FALSE,15,750,FOREIGN SERVICE - TO SHERIFF OF OKLAHOMA COUNTY (TIMIKA BELL
canadian,DACPAD,,,FALSE,FALSE,9,749.25,DA COUNCIL PROSECUTION ASSESSMENT FOR MUNICIPAL DUI
canadian,DACPAT,,,FALSE,FALSE,42,725.2,DA COUNCIL PROSECUTION ASSESSMENT FOR TRAFFIC
canadian,BWIFP,,,FALSE,FALSE,13,650,"BENCH WARRANT ISSUED FAILED TO PAY, JUDGE: GARY MILLER - BON"
canadian,O&J,,,FALSE,FALSE,33,640,ORDER & JUDGMENT OF FORFEITURE- CERTIFIED COPY BY CERTIFIED 
canadian,DNAO,,,FALSE,FALSE,4,600,DNA LAB FEE- - PAY TO OSBI
canadian,LABO,,,FALSE,FALSE,4,600,LAB ANALYSIS FEE- - PAY TO OSBI LAB
canadian,CHAB,,,FALSE,FALSE,176,521.2,C.H.A.B. STATUTORY FEE
canadian,AGVSU,,,FALSE,FALSE,175,518.2,ATTORNEY GENERAL VICTIM SERVICES UNIT
canadian,DCADMIN25,,,FALSE,FALSE,137,513.75,DISTRICT COURT ADMINISTRATIVE FEE ON $25 COLLECTIONS
canadian,CCADMIN25,,,FALSE,FALSE,181,452.5,COURT CLERK ADMINISTRATIVE FEE ON $25 COLLECTIONS
canadian,PR,,,FALSE,FALSE,18,405,"RECOGNIZANCE BOND FOR BELL, ROY LAMONT POSTED BY BELL, ROY L"
canadian,BWIAA,,,FALSE,FALSE,8,400,"BENCH WARRANT ISSUED ON APPLICATION TO ACCELERATE, JUDGE: CH"
canadian,TCS,,,FALSE,FALSE,7,350,TRANSPORT COST - SHERIFF
canadian,TCARFF,,,FALSE,FALSE,4,330,TRAUMA CARE ASSISTANCE REVOLVING FUND FINE
canadian,AC30,,,FALSE,FALSE,5,297,MUNICIPAL OR AGENCY FINES/FEES CRIMINAL ONLY
canadian,BFR,,,FALSE,FALSE,10,-250,BOND FEE REALLOCATION FROM COURT FUND
canadian,BWIAR,,,FALSE,FALSE,5,250,"BENCH WARRANT ISSUED ON APPLICATION TO REVOKE, JUDGE: CHARLE"
canadian,CTFREE,,,FALSE,FALSE,8,240,CRT MIN. THIS CASE CAME ON TODAY FOR ARRAIGNMENT. DEFT APPEA
canadian,RWHCP,,,FALSE,FALSE,2,237.5,RETURN WRIT - HABEAS CORPUS AD PROSEQUENDUM FILED Document A
canadian,BOJD,,,FALSE,FALSE,9,225,BOND INITIAL FILING JAIL FUND FEE
canadian,IDEA,,,FALSE,FALSE,14,210,DPS IMPAIRED DRIVER DATABASE FEE
canadian,RETWA,,,FALSE,FALSE,2,150.06,"WARRANT RETURNED 8/15/2022, WARRANT ISSUED ON 6/7/2022, WARR"
canadian,CBWF1,,,FALSE,FALSE,30,150,CLERK'S BENCH WARRANT FEE {TITLE 22 O.S.966A}
canadian,RETJS$,,,FALSE,FALSE,3,150,RETURN JUDGMENT & SENTENCE FILED (TRANSPORTED DEF TO LEXINGT
canadian,AC12,,,FALSE,FALSE,3,145,VICTIM'S COMPENSATION ASSESSMENT (VCA) CRIMINAL ONLY
canadian,COSTS,,,FALSE,FALSE,4,134.88,TRAFFIC COSTS (SPEEDING - 1 TO 10 OVER)
canadian,BWIR8,,,FALSE,FALSE,3,130,"BENCH WARRANT ISSUED - RULE 8, JUDGE: EDWARD CUNNINGHAM - BO"
canadian,CRFD,,,FALSE,FALSE,5,100,COURT REPORTER FEE ON DISPOSITION
canadian,DFEE,,,FALSE,FALSE,1,100,DEFERRED SENTENCE FEE
canadian,RETO$,,,FALSE,FALSE,2,100,SHERIFF'S RETURN - FILED Document Available (#1032515982) TI
canadian,AC14,,,FALSE,FALSE,2,95,FINES CIVIL AND CRIMINAL
canadian,BNDE,,,FALSE,FALSE,18,90,BUREAU OF NARCOTICS DRUG EDUCATION REVOLVING FUND
canadian,AC73,,,FALSE,FALSE,1,50,DA COUNCIL FEE
canadian,BWICA,,,FALSE,FALSE,1,50,"BENCH WARRANT ISSUED - CAUSE, JUDGE: PAUL HESSE - BOND AMOUN"
canadian,FINEDPS,,,FALSE,FALSE,1,50,FINE PAYABLE TO DPS REVOLVING FUND
canadian,SFCCC,,,FALSE,FALSE,10,50,ADDITION OF 10% FOR WARRANT COLLECTION
canadian,SFCSF,,,FALSE,FALSE,10,-50,REDUCTION IN BENCH WARRANT FEE TO SHERIFF (10%)
canadian,CBELT,,,FALSE,FALSE,4,40,COURT COSTS ON SEAT BELT VIOLATION
canadian,NOSe,,,FALSE,FALSE,4,40,NOTICE OF ABILITY TO SUSPEND ELECTRONICALLY TRANSFERRED TO T
canadian,DCADMIN25D,,,FALSE,FALSE,8,30,DISTRICT COURT ADMINISTRATIVE FEE ON $25 COLLECTIONS
canadian,CCADMIN25D,,,FALSE,FALSE,9,22.5,COURT CLERK ADMINISTRATIVE FEE ON $25 COLLECTIONS
canadian,WINC,,,FALSE,FALSE,2,20,NOTICE OF CLAIM OKLAHOMA TAX COMMISSION WARRANT INTERCEPT FI
canadian,AC31,,,FALSE,FALSE,5,-12.5,CORRECTIONS TO ACCOUNTING ENTRIES FOR INITIAL BOND FILING.
canadian,MSF,,,FALSE,FALSE,1,10,MAILING SERVICE FEE (PER PERSON)
canadian,TEXT,,,FALSE,FALSE,2,8.04,EXCESS FUNDS LESS THAN $10 APPROPRIATED AS PER ADMIN ORDER
canadian,WICF,,,FALSE,FALSE,1,4.38,WARRANT INTERCEPT 3% COLLECTION FEE
canadian,CRIJC,,,FALSE,FALSE,1,1,DA COUNCIL REVOLVING FUND - INMATE JAIL COSTS
cleveland,TCARF,,,FALSE,FALSE,1290,69225,TRAUMA CARE ASSISTANCE REVOLVING FUND
cleveland,ATFEE,,,FALSE,FALSE,230,57306,COURT APPOINTED ATTORNEY FEE ASSESSED TO DEFENDANT
cleveland,DACPAF,,,FALSE,FALSE,1306,48418.76,DA COUNCIL PROSECUTION ASSESSMENT FOR FELONY
cleveland,COSTM,,,FALSE,FALSE,542,44568.12,COURT COSTS ON MISDEMEANOR
cleveland,TR,,,FALSE,FALSE,47,43119,PAID RETTA BRITTAIN CFV 41624 3-27-14
cleveland,DCADMIN,,,FALSE,FALSE,1108,35996.06,DISTRICT COURT ADMINISTRATIVE FEE
cleveland,DNAO,,,FALSE,FALSE,201,29590.6,DNA LAB FEE- - PAY TO OSBI
cleveland,DTSPEC,,,FALSE,FALSE,1,25000,DRUG TRAFFICKING FINE (4 WAY SPLIT)
cleveland,DPSFEE,,,FALSE,FALSE,308,21891,DPS PATROL VEHICLE FUND FEE ASSESSMENT
cleveland,LABO,,,FALSE,FALSE,140,20400,LAB ANALYSIS FEE- - PAY TO OSBI LAB
cleveland,DTFC,,,FALSE,FALSE,8,20237.5,DRUG TRAFFICKING FINES - COURT FUND
cleveland,DTFA,,,FALSE,FALSE,7,20037.5,DRUG TRAFFICKING FINES - MUNICIPAL ARRESTING AGENCY
cleveland,DTFE,,,FALSE,FALSE,7,20037.5,DRUG TRAFFICKING FINES - DRUG ABUSE EDUCATION FUND
cleveland,DTFR,,,FALSE,FALSE,7,20037.5,DRUG TRAFFICKING FINES - REVOLVING FUND
cleveland,BOFPD,,,FALSE,FALSE,2,20000,"BOND FORFEITURE TENDER- PAID IN CASE $10,000.00"
cleveland,SSFCHS,,,FALSE,FALSE,1896,19008.94,SHERIFF’S SERVICE FEE FOR COURT HOUSE SECURITY
cleveland,TEXT,,,FALSE,FALSE,26,17733.01,LUNCH FOR JURY PD/PIZZA SHUTTLE CFV 17627
cleveland,MELRF,,,FALSE,FALSE,1770,17609.99,MEDICAL EXPENSE LIABILITY REVOLVING FUND
cleveland,DRUG,,,FALSE,FALSE,160,16900,DRUG ABUSE EDUCATION/TREATMENT FEE (MENTAL HEALTH)
cleveland,TCS,,,FALSE,FALSE,291,14550,TRANSPORT COST - SHERIFF
cleveland,DACPAM,,,FALSE,FALSE,539,13470,DA COUNCIL PROSECUTION ASSESSMENT FOR MISDEMEANOR
cleveland,COSTD,,,FALSE,FALSE,40,12878,COURT COSTS ON DUI
cleveland,BOFTO,,,FALSE,FALSE,3,12000,BOND FORFEITURE TENDER PAID TO STATE
cleveland,COSTT,,,FALSE,FALSE,131,11442,TRAFFIC COSTS
cleveland,CCDUI,,,FALSE,FALSE,65,10790,COURT COSTS ON DUI (MUNICIPAL ARREST)
cleveland,REC02,,,FALSE,FALSE,493,9807,RECEIPTS (2) FOR CERTIFIED MAIL; SAFETY NATIONAL CAS CORP 63
cleveland,BWIFAA,,,FALSE,FALSE,160,8363.18,BENCH WARRANT ISSUED - FAILURE TO APPEAR - APPLICATION TO AC
cleveland,AC80,,,FALSE,FALSE,364,7229.3,ADJUSTMENT TO ACCOUNTING ENTRIES FOR INITIAL BOND FILING.
cleveland,AC33,,,FALSE,FALSE,67,7100,DRUG ABUSE EDUCATION/TREATMENT FUND (MEN.HLTH FEE) CRIMINAL 
cleveland,MUNI,,,FALSE,FALSE,67,6960.5,COSTS TO ARRESTING AGENCY (MUNICIPALITY) ON DUI
cleveland,BWIFAR,,,FALSE,FALSE,111,5882.92,BENCH WARRANT ISSUED - FAILURE TO APPEAR - APPLICATION TO RE
cleveland,CCDA,,,FALSE,FALSE,11,5837.68,CERTIFICATION TO COURT CLERK Document Available (#1003011347
cleveland,CHAB,,,FALSE,FALSE,1869,5573.2,C.H.A.B. STATUTORY FEE
cleveland,AGVSU,,,FALSE,FALSE,1869,5571.7,ATTORNEY GENERAL VICTIM SERVICES UNIT
cleveland,CNP,,,FALSE,FALSE,14,-5095.74,CASE NOT PROCESSED. BATCH ID: 20131023-967 - COLLECTION ID: 
cleveland,DACPAD,,,FALSE,FALSE,50,4162.5,DA COUNCIL PROSECUTION ASSESSMENT FOR MUNICIPAL DUI
cleveland,BFR,,,FALSE,FALSE,136,-3400,BOND FEE REALLOCATION FROM COURT FUND
cleveland,BOJD,,,FALSE,FALSE,136,3400,BOND INITIAL FILING JAIL FUND FEE
cleveland,WFPDA,,,FALSE,FALSE,43,2803.22,WITNESS FEES PAID BY DISTRICT ATTORNEY Document Available (#
cleveland,SIS$,,,FALSE,FALSE,35,2700,SUBPOENA ISSUED - SHERIFF CCSO (1)
cleveland,CFOCTS,,,FALSE,FALSE,41,-2423.23,INCARCERATION CREDITS FOR TIME SERVED IN LIEU OF PAYMENT FOR
cleveland,SF,,,FALSE,FALSE,3,2160,SUPERVISION FEE
cleveland,AC85,,,FALSE,FALSE,13,1900,OSBI DNA FEE
cleveland,DACPAT,,,FALSE,FALSE,106,1705.2,DA COUNCIL PROSECUTION ASSESSMENT FOR TRAFFIC
cleveland,CCOMP,,,FALSE,FALSE,1,1570.27,WITNESS FEES PAID BY DISTRICT ATTORNEY Pursuant to 12 O.S. §
cleveland,IDEA,,,FALSE,FALSE,82,1230,DPS IMPAIRED DRIVER DATABASE FEE
cleveland,OSBI,,,FALSE,FALSE,7,975,OSBI INVESTIGATIVE FEE
cleveland,PJIJC,,,FALSE,FALSE,13,941.22,PRIVATE JAIL INCARCERATION FEE
cleveland,DORJT,,,FALSE,FALSE,3,900,DESIGNATION OF RECORD JURY TRIAL - CLERK'S NOTE - ORIGINAL D
cleveland,AC14,,,FALSE,FALSE,6,800,FINES CIVIL AND CRIMINAL
cleveland,AC61,,,FALSE,FALSE,2,800,COMMUNITY SERVICE PROGRAM ASSESSMENT REVOLVING FUND
cleveland,BNDE,,,FALSE,FALSE,151,750,BUREAU OF NARCOTICS DRUG EDUCATION REVOLVING FUND
cleveland,RECCM,,,FALSE,FALSE,57,699.64,RECEIPT FOR CERTIFIED MAIL 1-11-2002
cleveland,BWIFP,,,FALSE,FALSE,14,680,"BENCH WARRANT ISSUED FAILED TO PAY, JUDGE: MICHAEL TUPPER - "
cleveland,BWICA,,,FALSE,FALSE,12,620.3,"BENCH WARRANT ISSUED - CAUSE, BOND AMOUNT $20000.00, JUDGE: "
cleveland,AC53,,,FALSE,FALSE,2,500,(FORMERLY PC04) IDS ATTORNEY FEES - CRIMINAL ONLY
cleveland,DRUGAC14,,,FALSE,FALSE,1,500,DRUG OFFESE FINE PAYABLE TO AC14
cleveland,DCADMIN25D,,,FALSE,FALSE,127,476.25,DISTRICT COURT ADMINISTRATIVE FEE ON $25 COLLECTIONS
cleveland,SIS,,,FALSE,FALSE,4,420,SUBPOENA ISSUED - SHERIFF- 3
cleveland,CRF,,,FALSE,FALSE,3,385,COURT REPORTER FEE-TRISHA CLARK CFV 19814 10-28-02
cleveland,REQJTCR,,,FALSE,FALSE,12,360,REQUEST FOR JURY TRIAL / 12-1-03 8:30AM
cleveland,CCADMIN25D,,,FALSE,FALSE,136,340,COURT CLERK ADMINISTRATIVE FEE ON $25 COLLECTIONS
cleveland,CCADMIN4,,,FALSE,FALSE,4,336,COURT CLERK ADMINISTRATION FEE ON $40.00 COLLECTIONS
cleveland,PFE1,,,FALSE,FALSE,2,313,PETITION FOR WRIT OF HABEAS CORPUS AS PROSEDUENDUM/MOTION TO
cleveland,ICSPEC,,,FALSE,FALSE,5,302.17,INCARCERATION FEE-SHERIFF (SPLIT)
cleveland,AC55,,,FALSE,FALSE,2,300,(FORMERLY PC06) OSBI LAB ANALYSIS - CRIMINAL ONLY
cleveland,AC78,,,FALSE,FALSE,2,200,OKLAHOMA DEPARTMENT OF HEALTH/TRAUMA CARE FUND
cleveland,DORNJT,,,FALSE,FALSE,1,200,DESIGNATION OF RECORD NON-JURY TRIAL Pursuant to 12 O.S. § 3
cleveland,NOAPP,,,FALSE,FALSE,1,200,NOTICE OF INTENT TO APPEAL - FILED BY PRO SE DEFENDANT / DES
cleveland,COSTS,,,FALSE,FALSE,5,168.6,TRAFFIC COSTS (SPEEDING - 1 TO 10 OVER)
cleveland,LABF,,,FALSE,FALSE,1,150,LAB ANALYSIS FEE - PAY TO OKLAHOMA CITY POLICE DEPARTMENT
cleveland,BWAIP,,,FALSE,FALSE,4,120,"BENCH WARRANT ISSUED ON MTR S/S **** $10,000 ***** REC 1-22-"
cleveland,OTCR,,,FALSE,FALSE,31,100.64,REFUND OF OKLAHOMA TAX COMMISSION COLLECTION FEE REQUESTED
cleveland,WAI,,,FALSE,FALSE,1,100.63,"WARRANT OF ARREST ISSUED, JUDGE: LORI WALKLEY - BOND AMOUNT:"
cleveland,NOREQ,,,FALSE,FALSE,1,100,"NOTICE OF INTENT TO APPEAL; ORDER DETERMINING INDIGENCY, APP"
cleveland,OTC,,,FALSE,FALSE,3,90,ISSUE ORDER TO CONDUCT - DELAYED SENTENCING -SENTENCING 5-15
cleveland,AC29,,,FALSE,FALSE,2,80,ACCOUNT BALANCE- AC29. AS OF CONVERSION FROM THE MAINFRAME (
cleveland,BWIMW,,,FALSE,FALSE,2,80,"BENCH WARRANT FOR MATERIAL WITNESS(JUVENILLE), BOND AMOUNT $"
cleveland,AC31,,,FALSE,FALSE,39,-77,ACCOUNT BALANCE- AC31. AS OF CONVERSION FROM THE MAINFRAME (
cleveland,ICFEE,,,FALSE,FALSE,2,70,INSUFFICIENT CHECK/DRAFT FEE
cleveland,SFCCCR,,,FALSE,FALSE,14,-70,ADDITION OF 10% FOR WARRANT COLLECTION REVERSED
cleveland,SFCSFR,,,FALSE,FALSE,14,70,REDUCTION IN BENCH WARRANT FEE TO SHERIFF (10%) REVERSED
cleveland,ATTO,,,FALSE,FALSE,1,50,ATTORNEY FEE - TULSA AND OKLAHOMA COUNTY PUBLIC DEFENDER
cleveland,BWIFC,,,FALSE,FALSE,1,50,"BENCH WARRANT ISSUED - FAILURE TO COMPLY, JUDGE: THAD BALKMA"
cleveland,FINETOUR1,,,FALSE,FALSE,1,50,FINE ½ PAYABLE TO OKLAHOMA TOURISM & RECREATION DEPARTMENT R
cleveland,LT,,,FALSE,FALSE,5,50,LETTER TO DEFENDANT CM 70023150000233967080 Document Availab
cleveland,RETJS,,,FALSE,FALSE,1,50,RETURN JUDGMENT & SENTENCE Document Available (#1007468781) 
cleveland,ROCC,,,FALSE,FALSE,1,50,RETURN ORDER OF COMMITMENT TO STATE HOSPITAL Document Availa
cleveland,COPY,,,FALSE,FALSE,1,44,COPIES CHARGED
cleveland,CBELT,,,FALSE,FALSE,4,40,COURT COSTS ON SEAT BELT VIOLATION
cleveland,BWR,,,FALSE,FALSE,1,30,RETURNED BENCH WARRANT WITH SHERIFF'S RETURN
cleveland,CTFREE,,,FALSE,FALSE,1,30,SO: JT 12-3-2001 8:30AM (TL)
cleveland,REC03,,,FALSE,FALSE,1,30,RECEIPTS (3) FOR CERTIFIED MAIL BONNIE GALMORE #2795 AND COU
cleveland,AC72,,,FALSE,FALSE,1,10.5,DA INCARCERATION FEE
cleveland,AC73,,,FALSE,FALSE,1,10.5,DA COUNCIL FEE
cleveland,BOTRF,,,FALSE,FALSE,1,10,A BOND FROM CASE # CM-2018-721 DATED 03/28/2022 HAS BEEN TRA
cleveland,DMFE,,,FALSE,FALSE,1,7,DISPUTE MEDIATION FEE
cleveland,O,,,FALSE,FALSE,1,7,ORDER (COURT CLERK) FAILURE TO PAY COSTS
cleveland,CFT,,,FALSE,FALSE,4,5.58,COURT FUND TRANSFER - PER 28 O.S. 106 UNCLAIMED - UNDER $25.
cleveland,OCASA,,,FALSE,FALSE,1,5,OKLAHOMA COURT APPOINTED SPECIAL ADVOCATES
cleveland,OCJC,,,FALSE,FALSE,1,1.55,OKLAHOMA COUNCIL ON JUDICIAL COMPLAINTS REVOLVING FUND
cleveland,DCADMIN05,,,FALSE,FALSE,1,0.75,DISTRICT COURT ADMINISTRATIVE FEE ON $5 COLLECTIONS
cleveland,CCADMIN04,,,FALSE,FALSE,1,0.5,COURT CLERK ADMINISTRATIVE FEE ON COLLECTIONS
cleveland,SJFIS,,,FALSE,FALSE,1,0.45,STATE JUDICIAL REVOLVING FUND - INTERPRETER AND TRANSLATOR S
cleveland,DCADMIN155,,,FALSE,FALSE,1,0.23,DISTRICT COURT ADMINISTRATIVE FEE ON $1.55 COLLECTIONS
cleveland,CCADMIN0155,,,FALSE,FALSE,1,0.16,COURT CLERK ADMINISTRATIVE FEE ON $1.55 COLLECTION
comanche,FINE,,,FALSE,FALSE,128,27710,FINES PAYABLE TO COUNTY
comanche,OCISR,,,FALSE,FALSE,368,8868,OKLAHOMA COURT INFORMATION SYSTEM REVOLVING FUND
comanche,AC35,,,FALSE,FALSE,88,7700,COMANCHE COUNTY DETENTION CENTER JAIL COST SHEET Document Av
comanche,OTC$$,,,FALSE,FALSE,11,5840.94,OKLAHOMA TAX COMMISSION MONIES RECEIVED FOR PAYMENT OF COST
comanche,DNAO,,,FALSE,FALSE,36,5400,DNA LAB FEE- - PAY TO OSBI
comanche,AC52,,,FALSE,FALSE,3,5170.25,NEW ACCOUNTAC52 --ACCOUNT BALANCE -- PC01 CIVIL = $126.60 AS
comanche,BWIFA,,,FALSE,FALSE,95,4730,"BENCH WARRANT ISSUED FAILED TO APPEAR, JUDGE: GERALD NEUWIRT"
comanche,COSTT,,,FALSE,FALSE,48,4224,TRAFFIC COSTS
comanche,BOJ,,,FALSE,FALSE,149,3725,BOND INITIAL FILING JAIL FUND FEE
comanche,CBR,,,FALSE,FALSE,6,3600,CASH BOND RECEIVED FROM MARQUEL PHIPPS
comanche,AC08,,,FALSE,FALSE,22,3357.15,ACCOUNT BALANCE- AC08. AS OF CONVERSION FROM THE MAINFRAME (
comanche,PR,,,FALSE,FALSE,185,3250,"RECOGNIZANCE BOND FOR NIBBS, ROCINDA DIANE, COUNT NUMBER 1, "
comanche,BWIFAR,,,FALSE,FALSE,57,2850,BENCH WARRANT ISSUED - FAILURE TO APPEAR - APPLICATION TO RE
comanche,COSTM,,,FALSE,FALSE,33,2681,COURT COSTS ON MISDEMEANOR
comanche,VCA,,,FALSE,FALSE,57,2455,VICTIMS COMPENSATION ASSESSMENT (AC12)
comanche,ATFEE,,,FALSE,FALSE,10,2400,COURT APPOINTED ATTORNEY FEE ASSESSED TO DEFENDANT (OIDS)
comanche,DCADMIN,,,FALSE,FALSE,85,2349.63,DISTRICT COURT ADMINISTRATIVE FEE
comanche,DPSFEE,,,FALSE,FALSE,70,2213,DPS PATROL VEHICLE FUND FEE ASSESSMENT
comanche,CCADMIN,,,FALSE,FALSE,115,2084.78,COURT CLERK ADMINISTRATIVE FEE ON COLLECTIONS
comanche,TCARF,,,FALSE,FALSE,87,1950,TRAUMA CARE ASSISTANCE REVOLVING FUND
comanche,COSTF,,,FALSE,FALSE,18,1789.87,COURT COSTS ON FELONY
comanche,PJIJC,,,FALSE,FALSE,10,1350,PRIVATE JAIL INCARCERATION FEE
comanche,AC14,,,FALSE,FALSE,3,1250,ACCOUNT BALANCE- AC14. AS OF CONVERSION FROM THE MAINFRAME (
comanche,BWIAR,,,FALSE,FALSE,23,1130,"BENCH WARRANT ISSUED ON APPLICATION TO REVOKE, JUDGE: GERALD"
comanche,AC80,,,FALSE,FALSE,61,1125,ADJUSTMENT TO ACCOUNTING ENTRIES FOR INITIAL BOND FILING.
comanche,SFC,,,FALSE,FALSE,3,1107.9,CASE SENT FOR COLLECTION. BATCH ID: 20180505-1290 - COLLECTI
comanche,SIS$,,,FALSE,FALSE,22,1100,SUBPOENA ISSUED - SHERIFF DELPHINE NELSON 1323-737
comanche,CLEET,,,FALSE,FALSE,115,1040,CLEET PENALTY ASSESSMENT
comanche,DACPAT,,,FALSE,FALSE,60,1035.6,DA COUNCIL PROSECUTION ASSESSMENT FOR TRAFFIC
comanche,SSFCHS,,,FALSE,FALSE,105,984,SHERIFF’S SERVICE FEE FOR COURT HOUSE SECURITY
comanche,FOREN,,,FALSE,FALSE,115,924,FORENSIC SCIENCE IMPROVEMENT ASSESSMENT
comanche,AFIS,,,FALSE,FALSE,115,912,AFIS FEE
comanche,WAI$,,,FALSE,FALSE,19,890,"WARRANT OF ARREST ISSUED, JUDGE: JOE REEVES - COUNT 1 - EMBE"
comanche,BO,,,FALSE,FALSE,41,885,"SURETY BOND FOR NIBBS, ROCINDA DIANE POSTED BY PEARSON, TIMO"
comanche,AC01,,,FALSE,FALSE,67,-839.46,ACCOUNT BALANCE- AC01. AS OF CONVERSION FROM THE MAINFRAME (
comanche,CCDUI,,,FALSE,FALSE,5,832.5,COURT COSTS ON DUI (MUNICIPAL ARREST)
comanche,BWIR8,,,FALSE,FALSE,16,780,"BENCH WARRANT ISSUED - RULE 8, JUDGE: MARK SMITH 967-549 WAR"
comanche,DACPAM,,,FALSE,FALSE,31,780,DA COUNCIL PROSECUTION ASSESSMENT FOR MISDEMEANOR
comanche,AIDS,,,FALSE,FALSE,19,760,APPLICATION FOR INDIGENT DEFENSE / APPROVED JUDGE HARRIS 189
comanche,DACPAF,,,FALSE,FALSE,18,625,DA COUNCIL PROSECUTION ASSESSMENT FOR FELONY
comanche,PFE7,,,FALSE,FALSE,104,621,LAW LIBRARY FEE
comanche,DCADMIN25,,,FALSE,FALSE,158,592.5,DISTRICT COURT ADMINISTRATIVE FEE ON $25 COLLECTIONS
comanche,SSF,,,FALSE,FALSE,117,549.25,SHERIFF'S SERVICE FEE ON ARRESTS
comanche,NOF,,,FALSE,FALSE,11,514.5,NOTICE OF FILING / ROBIN DURHAM TRANSCRIPT J&S $49 1453-673
comanche,CCADMIN25,,,FALSE,FALSE,200,500,COURT CLERK ADMINISTRATIVE FEE ON $25 COLLECTIONS
comanche,DFEE,,,FALSE,FALSE,1,480,DEFERRED SENTENCE FEE
comanche,AC85,,,FALSE,FALSE,3,450,OSBI DNA FEE
comanche,MELRF,,,FALSE,FALSE,45,450,MEDICAL EXPENSE LIABILITY REVOLVING FUND
comanche,COSTS,,,FALSE,FALSE,13,438.36,TRAFFIC COSTS (SPEEDING - 1 TO 10 OVER)
comanche,ADJUST,,,FALSE,FALSE,193,429.8,ADJUSTING ENTRY: MONIES DUE TO AC09-CARD ALLOCATION
comanche,DACPAD,,,FALSE,FALSE,5,416.25,DA COUNCIL PROSECUTION ASSESSMENT FOR MUNICIPAL DUI
comanche,MUNI,,,FALSE,FALSE,5,416.25,COSTS TO ARRESTING AGENCY (MUNICIPALITY) ON DUI
comanche,CFOCAW,,,FALSE,FALSE,8,400,"COURT FINANCIAL OBLIGATION - COST ARREST WARRANT, JUDGE: JAY"
comanche,REQCR,,,FALSE,FALSE,19,380,COURT REPORTER FEE AT TRIAL (JURY/NON-JURY/PRELIMINARY)
comanche,AGVSU,,,FALSE,FALSE,105,294.6,ATTORNEY GENERAL VICTIM SERVICES UNIT
comanche,CHAB,,,FALSE,FALSE,105,294.6,C.H.A.B. STATUTORY FEE
comanche,AC12,,,FALSE,FALSE,4,240,ACCOUNT BALANCE- AC12. AS OF CONVERSION FROM THE MAINFRAME (
comanche,TR,,,FALSE,FALSE,5,234.5,TRANSCRIPT ON GUILTY PLEA 4/7/2016 BEFORE JUDGE SMITH (9) PA
comanche,RETJSP$,,,FALSE,FALSE,4,200,RETURN JUDGMENT & SENTENCE -PRIVATE 1728-854
comanche,WICF,,,FALSE,FALSE,12,189.38,WARRANT INTERCEPT 3% COLLECTION FEE
comanche,TEXT,,,FALSE,FALSE,4,189.05,COMANCHE COUNTY DETENTION CENTER JAIL COST SHEET BOOKING FEE
comanche,CBELT,,,FALSE,FALSE,16,160,COURT COSTS ON SEAT BELT VIOLATION
comanche,DAIJC,,,FALSE,FALSE,10,150,DA FEE - INMATE JAIL COSTS
comanche,LABO,,,FALSE,FALSE,1,150,LAB ANALYSIS FEE- - PAY TO OSBI LAB
comanche,O&J,,,FALSE,FALSE,8,140,ORDER & JUDGMENT OF FORFEITURE / JUDGE NEUWIRTH CERTIFIED CO
comanche,CBWF1,,,FALSE,FALSE,24,120,CLERK'S BENCH WARRANT FEE {TITLE 22 O.S.966A}
comanche,BFR,,,FALSE,FALSE,4,-100,BOND FEE REALLOCATION FROM COURT FUND
comanche,BOJD,,,FALSE,FALSE,4,100,BOND INITIAL FILING JAIL FUND FEE
comanche,BWIAA,,,FALSE,FALSE,2,100,"BENCH WARRANT ISSUED ON APPLICATION TO ACCELERATE, JUDGE: KE"
comanche,DRUG,,,FALSE,FALSE,1,100,DRUG ABUSE EDUCATION/TREATMENT FEE (MENTAL HEALTH)
comanche,CRFD,,,FALSE,FALSE,4,80,COURT REPORTER FEE ON DISPOSITION
comanche,IDEA,,,FALSE,FALSE,5,75,DPS IMPAIRED DRIVER DATABASE FEE
comanche,NOFe,,,FALSE,FALSE,7,70,NOTICE OF FAILURE TO COMPLY ELECTRONICALLY TRANSFERRED TO TH
comanche,BWIFAA,,,FALSE,FALSE,1,50,BENCH WARRANT ISSUED - FAILURE TO APPEAR - APPLICATION TO AC
comanche,BWAIP,,,FALSE,FALSE,1,30,BENCH WARRANT - ISSUED 631.919
comanche,AC31,,,FALSE,FALSE,8,-20,CORRECTIONS TO ACCOUNTING ENTRIES FOR INITIAL BOND FILING.
comanche,BNDE,,,FALSE,FALSE,4,20,BUREAU OF NARCOTICS DRUG EDUCATION REVOLVING FUND
comanche,LT,,,FALSE,FALSE,2,20,LATE LETTER TO DEFT ON PAST DUE FINES AND COST FINAL NOTICE 
comanche,DCADMIN25D,,,FALSE,FALSE,4,15,DISTRICT COURT ADMINISTRATIVE FEE ON $25 COLLECTIONS
comanche,SFCCC,,,FALSE,FALSE,3,15,ADDITION OF 10% FOR WARRANT COLLECTION
comanche,SFCSF,,,FALSE,FALSE,3,-15,REDUCTION IN BENCH WARRANT FEE TO SHERIFF (10%)
comanche,AC22,,,FALSE,FALSE,1,10,ACCOUNT BALANCE- AC22. AS OF CONVERSION FROM THE MAINFRAME (
comanche,CCADMIN25D,,,FALSE,FALSE,4,10,COURT CLERK ADMINISTRATIVE FEE ON $25 COLLECTIONS
comanche,AC23,,,FALSE,FALSE,1,6,ACCOUNT BALANCE- AC23. AS OF CONVERSION FROM THE MAINFRAME (
comanche,TCARFF,,,FALSE,FALSE,1,5,TRAUMA CARE ASSISTANCE REVOLVING FUND FINE
comanche,AC21,,,FALSE,FALSE,1,1.46,ACCOUNT BALANCE- AC21. AS OF CONVERSION FROM THE MAINFRAME (
ellis,FINE,,,FALSE,FALSE,165,31315,FINES PAYABLE TO COUNTY
ellis,OCISR,,,FALSE,FALSE,413,10031,OKLAHOMA COURT INFORMATION SYSTEM REVOLVING FUND
ellis,TCARF,,,FALSE,FALSE,149,5090,TRAUMA CARE ASSISTANCE REVOLVING FUND
ellis,COSTT,,,FALSE,FALSE,54,4747,TRAFFIC COSTS
ellis,COSTM,,,FALSE,FALSE,54,4482,COURT COSTS ON MISDEMEANOR
ellis,COSTD,,,FALSE,FALSE,11,3653,COURT COSTS ON DUI
ellis,VCA,,,FALSE,FALSE,88,3565,VICTIMS COMPENSATION ASSESSMENT (AC12)
ellis,SFC,,,FALSE,FALSE,10,3513.13,CASE SENT FOR COLLECTION. BATCH ID: 20130619-213 - COLLECTIO
ellis,COSTF,,,FALSE,FALSE,34,3452,COURT COSTS ON FELONY
ellis,DFEE,,,FALSE,FALSE,3,3380,DEFERRED SENTENCE FEE
ellis,DPSFEE,,,FALSE,FALSE,83,3184,DPS PATROL VEHICLE FUND FEE ASSESSMENT
ellis,DCADMIN,,,FALSE,FALSE,146,2802.54,DISTRICT COURT ADMINISTRATIVE FEE
ellis,AC53,,,FALSE,FALSE,14,2700,(FORMERLY PC04) IDS ATTORNEY FEES - CRIMINAL ONLY
ellis,CCADMIN,,,FALSE,FALSE,176,2696.44,COURT CLERK ADMINISTRATIVE FEE ON COLLECTIONS
ellis,PJIJC,,,FALSE,FALSE,1,2268,PRIVATE JAIL INCARCERATION FEE
ellis,ATFEE,,,FALSE,FALSE,12,2250,COURT APPOINTED ATTORNEY FEE ASSESSED TO DEFENDANT (OIDS)
ellis,AIDS,,,FALSE,FALSE,56,2235,APPLICATION AND ORDER FOR APPOINTED COUNSEL AND AFFIDAVIT OF
ellis,CTFD,,,FALSE,FALSE,4,2160,COURT FUND ASSESSMENT $40 PER MONTH
ellis,BWIFP,,,FALSE,FALSE,43,2150,"BENCH WARRANT ISSUED FAILED TO PAY, JUDGE: JOE JACKSON - BON"
ellis,BWIFA,,,FALSE,FALSE,42,2140,"BENCH WARRANT ISSUED FAILED TO APPEAR, JUDGE: JOE JACKSON - "
ellis,BOJ,,,FALSE,FALSE,79,1975,BOND INITIAL FILING JAIL FUND FEE
ellis,AC35,,,FALSE,FALSE,4,1722.1,INMATE JAIL COSTS/INCARCERATION FEE - $50.00/DAY FOR 30 DAYS
ellis,DACPAM,,,FALSE,FALSE,61,1680,DA COUNCIL PROSECUTION ASSESSMENT FOR MISDEMEANOR
ellis,SSFCHS,,,FALSE,FALSE,166,1544.5,SHERIFF’S SERVICE FEE FOR COURT HOUSE SECURITY
ellis,CLEET,,,FALSE,FALSE,166,1512.5,CLEET PENALTY ASSESSMENT
ellis,DACPAF,,,FALSE,FALSE,35,1450,DA COUNCIL PROSECUTION ASSESSMENT FOR FELONY
ellis,AFIS,,,FALSE,FALSE,166,1384.5,AFIS FEE
ellis,FOREN,,,FALSE,FALSE,166,1384.5,FORENSIC SCIENCE IMPROVEMENT ASSESSMENT
ellis,SIS$,,,FALSE,FALSE,26,1300,SUBPOENA ISSUED - SHERIFF FOR SERVICE ON SHANE BOOTH
ellis,WAI$,,,FALSE,FALSE,26,1300,"WARRANT OF ARREST ISSUED, JUDGE: JOE JACKSON - BOND AMOUNT: "
ellis,BO,,,FALSE,FALSE,83,1205,"CASH BOND FOR PIERCE, JOSHUA MICHAEL POSTED BY BENBROOK, DOU"
ellis,DACPAT,,,FALSE,FALSE,69,1114.8,DA COUNCIL PROSECUTION ASSESSMENT FOR TRAFFIC
ellis,AC33,,,FALSE,FALSE,10,1050,DRUG ABUSE EDUCATION/TREATMENT FUND (MEN.HLTH FEE) CRIMINAL 
ellis,LABO,,,FALSE,FALSE,7,1050,LAB ANALYSIS FEE- - PAY TO OSBI LAB
ellis,MELRF,,,FALSE,FALSE,95,950,MEDICAL EXPENSE LIABILITY REVOLVING FUND
ellis,ADJUST,,,FALSE,FALSE,328,931.28,ADJUSTING ENTRY: MONIES DUE TO AC09-CARD ALLOCATION
ellis,PFE7,,,FALSE,FALSE,154,924,LAW LIBRARY FEE
ellis,AC85,,,FALSE,FALSE,6,900,OSBI DNA FEE
ellis,DNAO,,,FALSE,FALSE,6,900,DNA LAB FEE- - PAY TO OSBI
ellis,AC14,,,FALSE,FALSE,3,850,FINES PAYABLE TO COUNTY
ellis,SSF,,,FALSE,FALSE,175,817.25,SHERIFF'S SERVICE FEE ON ARRESTS
ellis,COSTS,,,FALSE,FALSE,22,796.12,TRAFFIC COSTS (SPEEDING - 1 TO 10 OVER)
ellis,BWIAR,,,FALSE,FALSE,14,776.5,"BENCH WARRANT ISSUED ON APPLICATION TO REVOKE, JUDGE: JOE JA"
ellis,CRFD,,,FALSE,FALSE,37,740,COURT REPORTER FEE ON DISPOSITION
ellis,AC67,,,FALSE,FALSE,24,691.2,DISTRICT COURT REVOLVING FUND FOR DNA FEE
ellis,AC08,,,FALSE,FALSE,19,665,BOOK IN FEE
ellis,CFOCAW,,,FALSE,FALSE,13,650,COURT FINANCIAL OBLIGATION - COST ARREST WARRANT Document Av
ellis,AC31,,,FALSE,FALSE,27,500.8,CORRECTIONS TO ACCOUNTING ENTRIES FOR INITIAL BOND FILING.
ellis,BWIAA,,,FALSE,FALSE,10,500,"BENCH WARRANT ISSUED ON APPLICATION TO ACCELERATE, JUDGE: LA"
ellis,WHCS,,,FALSE,FALSE,1,493.12,WRIT OF HABEAS CORPUS SERVED 5-24-24 Document Available at C
ellis,AGVSU,,,FALSE,FALSE,166,462.3,ATTORNEY GENERAL VICTIM SERVICES UNIT
ellis,CHAB,,,FALSE,FALSE,166,462.3,C.H.A.B. STATUTORY FEE
ellis,AC27,,,FALSE,FALSE,4,400,DRUG ABUSE EDUCATION FUND 63 2-417 CRIMINAL ONLY
ellis,CER,,,FALSE,FALSE,2,396.79,CERTIFICATION TO COURT CLERK (DA PAYING WITNESS FEES) Pursua
ellis,LT,,,FALSE,FALSE,38,380,COST DOCKET LETTER Document Available at Court Clerk's Offic
ellis,TCARFF,,,FALSE,FALSE,2,375,TRAUMA CARE ASSISTANCE REVOLVING FUND FINE
ellis,CERTS,,,FALSE,FALSE,1,365.01,"CERTIFICATION TO COURT CLERK Pursuant to 12 O.S. § 39, Docum"
ellis,DCADMIN25,,,FALSE,FALSE,81,303.75,DISTRICT COURT ADMINISTRATIVE FEE ON $25 COLLECTIONS
ellis,AC55,,,FALSE,FALSE,2,300,(FORMERLY PC06) OSBI LAB ANALYSIS - CRIMINAL ONLY
ellis,J&S,,,FALSE,FALSE,1,297,JUDGMENT AND SENTENCE WITH SHERIFF'S RETURN FOR STATEMENT OF
ellis,CBWF1,,,FALSE,FALSE,59,295,CLERK'S BENCH WARRANT FEE {TITLE 22 O.S.966A}
ellis,O&J,,,FALSE,FALSE,14,270.96,ORDER & JUDGMENT OF FORFEITURE- COPY BY CERTIFIED MAIL TO: R
ellis,WHCI,,,FALSE,FALSE,5,261,WRIT OF HABEAS CORPUS AD PROSEQUENDUM ISSUED Document Availa
ellis,DAIJC,,,FALSE,FALSE,1,252,DA FEE - INMATE JAIL COSTS
ellis,W,,,FALSE,FALSE,2,241.26,WRIT OF HABEAS CORPUS AD PROSEQUENDUM WITH SHERIFF'S RETURN 
ellis,PR,,,FALSE,FALSE,16,235,"RECOGNIZANCE BOND FOR CRANE, GAYLA JEAN POSTED BY CRANE, GAY"
ellis,CCADMIN25,,,FALSE,FALSE,91,227.5,COURT CLERK ADMINISTRATIVE FEE ON $25 COLLECTIONS
ellis,AC01,,,FALSE,FALSE,13,-225,CORRECTIONS TO ACCOUNTING ENTRIES FOR INITIAL BOND FILING.
ellis,AC80,,,FALSE,FALSE,13,225,CORRECTIONS TO ACCOUNTING ENTRIES FOR INITIAL BOND FILING.
ellis,CRF,,,FALSE,FALSE,10,200,COURT REPORTER FEE-TRIAL ON MERITS
ellis,TCS,,,FALSE,FALSE,4,200,TRANSPORT COST - SHERIFF
ellis,CCDUI,,,FALSE,FALSE,1,166.5,COURT COSTS ON DUI (MUNICIPAL ARREST)
ellis,MUNI,,,FALSE,FALSE,1,166.5,COSTS TO ARRESTING AGENCY (MUNICIPALITY) ON DUI
ellis,BFR,,,FALSE,FALSE,6,-150,BOND FEE REALLOCATION FROM COURT FUND
ellis,AC12,,,FALSE,FALSE,3,135,VICTIM'S COMPENSATION ASSESSMENT (VCA) CRIMINAL ONLY
ellis,BOJD,,,FALSE,FALSE,5,125,BOND INITIAL FILING JAIL FUND FEE
ellis,TEXT,,,FALSE,FALSE,6,115.87,RE-COMMITMENT OF DEFENDANT BY BONDSMAN AND MAKING TWO COPIES
ellis,IDEA,,,FALSE,FALSE,7,105,DPS IMPAIRED DRIVER DATABASE FEE
ellis,BWIFAR,,,FALSE,FALSE,2,100,BENCH WARRANT ISSUED - FAILURE TO APPEAR - APPLICATION TO RE
ellis,DRUG,,,FALSE,FALSE,1,100,DRUG ABUSE EDUCATION/TREATMENT FEE (MENTAL HEALTH)
ellis,AC22,,,FALSE,FALSE,1,97.2,SHERIFF'S SERVICE & INCARCERATION FEE-4 DAYS AT 90%
ellis,DADRUG,,,FALSE,FALSE,1,90,DISTRICT ATTORNEY DRUG ASSESSMENT
ellis,T,,,FALSE,FALSE,2,87.5,ORIGINAL TRANSCRIPT OF PROCEEDINGS GUILTY PLEA HAD ON THE 22
ellis,CBELT,,,FALSE,FALSE,8,80,COURT COSTS ON SEAT BELT VIOLATION
ellis,MSF,,,FALSE,FALSE,7,70,MAILING SERVICE FEE (PER PERSON)
ellis,NOFe,,,FALSE,FALSE,7,70,NOTICE OF FAILURE TO COMPLY ELECTRONICALLY TRANSFERRED TO TH
ellis,BNDE,,,FALSE,FALSE,13,65,BUREAU OF NARCOTICS DRUG EDUCATION REVOLVING FUND
ellis,LABC,,,FALSE,FALSE,4,60,LAB ANALYSIS 10% COURT COST
ellis,WICF,,,FALSE,FALSE,8,57.89,WARRANT INTERCEPT 3% COLLECTION FEE
ellis,BWICA,,,FALSE,FALSE,1,50,"BENCH WARRANT ISSUED - CAUSE, JUDGE: JOE JACKSON - BOND AMOU"
ellis,SU,,,FALSE,FALSE,1,50,"SUBPOENA UNSERVED, TAYLOR LYNN HAMILTON, NOT FOUND IN COUNTY"
ellis,WHCP$,,,FALSE,FALSE,1,50,WRIT OF HABEAS CORPUS AD PROSEQUENDUM ISSUED TO SHERIFF Docu
ellis,SFCCC,,,FALSE,FALSE,8,40,ADDITION OF 10% FOR WARRANT COLLECTION
ellis,SFCSF,,,FALSE,FALSE,8,-40,REDUCTION IN BENCH WARRANT FEE TO SHERIFF (10%)
ellis,COPY,,,FALSE,FALSE,12,23,COPIES CHARGED-MAKING COPY OF BOND FOR JANE WILCOXSON
ellis,DCADMIN25D,,,FALSE,FALSE,6,22.5,DISTRICT COURT ADMINISTRATIVE FEE ON $25 COLLECTIONS
ellis,NFC,,,FALSE,FALSE,2,20,"NOTICE OF FAILURE TO COMPLY MAILED - DUE BY: NOVEMBER 8, 202"
ellis,NO,,,FALSE,FALSE,2,20,NOTICE OF WARRANT INTERCEPT Document Available at Court Cler
ellis,CCADMIN25D,,,FALSE,FALSE,6,15,COURT CLERK ADMINISTRATIVE FEE ON $25 COLLECTIONS
ellis,SFIJC,,,FALSE,FALSE,1,15,SHERIFF'S FUND - INMATE JAIL COSTS - DNA FEE
ellis,AC72,,,FALSE,FALSE,1,10.8,DA INCARCERATION FEE - 4 DAYS @ 10%
ellis,AC78,,,FALSE,FALSE,1,10,OKLAHOMA DEPARTMENT OF HEALTH/TRAUMA CARE FUND
ellis,SIM,,,FALSE,FALSE,1,10,"SUBPOENA ISSUED TO DA FOR SERVICE ON ALLI TIMMONS, OSBI Docu"
ellis,AC23,,,FALSE,FALSE,1,6,LAW LIBRARY FEE CIVIL AND CRIMINAL
ellis,O,,,FALSE,FALSE,2,2,ORDER TO DISCHARGE BOND AND MAKING ONE COPY FOR JANE WILCOXS
ellis,CFT,,,FALSE,FALSE,1,1,COURT FUND TRANSFER - PER 28 O.S. 106
garfield,PJIJC,,,FALSE,FALSE,52,68480.4,PRIVATE JAIL INCARCERATION FEE
garfield,BOFPD,,,FALSE,FALSE,8,59000,BOND FORFEITURE TENDER-ORDERED PAID IN CASE (OR BOND)
garfield,FINE,,,FALSE,FALSE,85,33680,FINES PAYABLE TO COUNTY
garfield,SFIJC,,,FALSE,FALSE,21,29229.16,SHERIFF'S FUND - INMATE JAIL COSTS
garfield,SFC,,,FALSE,FALSE,46,23601.46,CASE SENT FOR COLLECTION. BATCH ID: 20221223-5335 - COLLECTI
garfield,CFOWAV,,,FALSE,FALSE,186,-17287.3,"WAIVER OF COURT FINANCIAL OBLIGATION FOR DILL, CHERYL IN THE"
garfield,DCADMIN,,,FALSE,FALSE,190,16913.68,DISTRICT COURT ADMINISTRATIVE FEE
garfield,OCISR,,,FALSE,FALSE,601,16697,OKLAHOMA COURT INFORMATION SYSTEM REVOLVING FUND
garfield,CCADMIN,,,FALSE,FALSE,207,14110.84,COURT CLERK ADMINISTRATIVE FEE ON COLLECTIONS
garfield,DAIJC,,,FALSE,FALSE,65,10773.3,DA FEE - INMATE JAIL COSTS
garfield,SIS$,,,FALSE,FALSE,120,10600,"SUBPOENA ISSUED - SHERIFF/ISSUED TO BRYAN HART, JOHN ROBINSO"
garfield,CTS,,,FALSE,FALSE,21,-9804.93,$9308.43 OF THE COST WAIVED PER JUDGE WOODWARD IN THE AMOUNT
garfield,COSTM,,,FALSE,FALSE,95,7885,COURT COSTS ON MISDEMEANOR
garfield,VCA,,,FALSE,FALSE,155,5800,VICTIMS COMPENSATION ASSESSMENT (AC12)
garfield,TCARF,,,FALSE,FALSE,184,5710,TRAUMA CARE ASSISTANCE REVOLVING FUND
garfield,ATFEE,,,FALSE,FALSE,25,5450,COURT APPOINTED ATTORNEY FEE ASSESSED TO DEFENDANT (OIDS)
garfield,BWIFA,,,FALSE,FALSE,102,5100,"BENCH WARRANT ISSUED FAILED TO APPEAR, JUDGE: JOHN MICHAEL -"
garfield,TCS,,,FALSE,FALSE,36,5088.57,TRANSPORT COST - SHERIFF (TRANS DEFT FROM FARFIELD CO DETENT
garfield,COSTF,,,FALSE,FALSE,45,4630,COURT COSTS ON FELONY
garfield,ICSPECP,,,FALSE,FALSE,2,4312,INCARCERATION FEE-PRIVATE JAIL (SPLIT)
garfield,DRUG,,,FALSE,FALSE,41,4100,DRUG ABUSE EDUCATION/TREATMENT FEE (MENTAL HEALTH)
garfield,COSTT,,,FALSE,FALSE,46,4048,TRAFFIC COSTS
garfield,BOJ,,,FALSE,FALSE,151,3775,BOND INITIAL FILING JAIL FUND FEE
garfield,DACPAM,,,FALSE,FALSE,83,2490,DA COUNCIL PROSECUTION ASSESSMENT FOR MISDEMEANOR
garfield,DNAO,,,FALSE,FALSE,16,2400,DNA LAB FEE- - PAY TO OSBI
garfield,BO,,,FALSE,FALSE,143,2355,"CASH BOND FOR SOLIS, GRACIELA POSTED BY SOLIS DE HERNANDEZ, "
garfield,DPSFEE,,,FALSE,FALSE,62,2119,DPS PATROL VEHICLE FUND FEE ASSESSMENT
garfield,BWIAR,,,FALSE,FALSE,42,2100,"BENCH WARRANT ISSUED ON APPLICATION TO REVOKE, JUDGE: PAUL W"
garfield,DACPAF,,,FALSE,FALSE,43,2075,DA COUNCIL PROSECUTION ASSESSMENT FOR FELONY
garfield,SSFCHS,,,FALSE,FALSE,175,1717,SHERIFF’S SERVICE FEE FOR COURT HOUSE SECURITY
garfield,CLEET,,,FALSE,FALSE,175,1709,CLEET PENALTY ASSESSMENT
garfield,AFIS,,,FALSE,FALSE,175,1677,AFIS FEE
garfield,FOREN,,,FALSE,FALSE,175,1677,FORENSIC SCIENCE IMPROVEMENT ASSESSMENT
garfield,WAI$,,,FALSE,FALSE,32,1600,"WARRANT OF ARREST ISSUED, JUDGE: DENNIS HLADIK - BOND AMOUNT"
garfield,AFEC,,,FALSE,FALSE,38,1520,AFFIDAVIT OF FINANCIAL INABILITY TO EMPLOY COUNSEL (TIM GUNG
garfield,BWIFC,,,FALSE,FALSE,24,1200,"BENCH WARRANT ISSUED - FAILURE TO COMPLY, JUDGE: DENNIS HLAD"
garfield,LABO,,,FALSE,FALSE,8,1200,LAB ANALYSIS FEE- - PAY TO OSBI LAB
garfield,MELRF,,,FALSE,FALSE,118,1180,MEDICAL EXPENSE LIABILITY REVOLVING FUND
garfield,PFE7,,,FALSE,FALSE,192,1152,LAW LIBRARY FEE
garfield,BOND,,,FALSE,FALSE,7,1037,BOND: 40.00
garfield,SSF,,,FALSE,FALSE,199,990.75,SHERIFF'S SERVICE FEE ON ARRESTS
garfield,O&J,,,FALSE,FALSE,52,930,ORDER & JUDGMENT OF FORFEITURE- CERTIFIED COPY BY CERTIFIED 
garfield,DACPAT,,,FALSE,FALSE,49,912.8,DA COUNCIL PROSECUTION ASSESSMENT FOR TRAFFIC
garfield,AC01,,,FALSE,FALSE,38,-900,ADJUSTMENT TO ACCOUNTING ENTRIES FOR INITIAL BOND FILING.
garfield,AC80,,,FALSE,FALSE,38,900,ADJUSTMENT TO ACCOUNTING ENTRIES FOR INITIAL BOND FILING.
garfield,CFOCAW,,,FALSE,FALSE,17,850,"COURT FINANCIAL OBLIGATION - COST ARREST WARRANT, JUDGE: TOM"
garfield,CNP,,,FALSE,FALSE,2,-743.62,CASE NOT PROCESSED. BATCH ID: 20200615-3758 - COLLECTION ID:
garfield,ADJUST,,,FALSE,FALSE,354,708.82,ADJUSTING ENTRY: MONIES DUE TO AC09-CARD ALLOCATION
garfield,DCADMIN25,,,FALSE,FALSE,184,690,DISTRICT COURT ADMINISTRATIVE FEE ON $25 COLLECTIONS
garfield,PR,,,FALSE,FALSE,51,685,"RECOGNIZANCE BOND FOR BARNEY, KORY ALLEN, IN THE AMOUNT OF $"
garfield,SFCM,,,FALSE,FALSE,10,682.48,SENT FOR COLLECTIONS MANUALLY
garfield,WFPDA,,,FALSE,FALSE,16,666.04,WITNESS FEES PAID BY DISTRICT ATTORNEY- KENNETH DAVIS/DA/#92
garfield,CCDUI,,,FALSE,FALSE,4,666,COURT COSTS ON DUI (MUNICIPAL ARREST)
garfield,COSTD,,,FALSE,FALSE,2,666,COURT COSTS ON DUI
garfield,AGVSU,,,FALSE,FALSE,174,511.8,ATTORNEY GENERAL VICTIM SERVICES UNIT
garfield,CHAB,,,FALSE,FALSE,174,511.8,C.H.A.B. STATUTORY FEE
garfield,CCADMIN25,,,FALSE,FALSE,186,465,COURT CLERK ADMINISTRATIVE FEE ON $25 COLLECTIONS
garfield,CRFD,,,FALSE,FALSE,23,460,COURT REPORTER FEE ON DISPOSITION
garfield,AIDS,,,FALSE,FALSE,9,360,APPLICATION FOR INDIGENT DEFENSE
garfield,DACPAD,,,FALSE,FALSE,4,333,DA COUNCIL PROSECUTION ASSESSMENT FOR MUNICIPAL DUI
garfield,MUNI,,,FALSE,FALSE,4,333,COSTS TO ARRESTING AGENCY (MUNICIPALITY) ON DUI
garfield,BWIAA,,,FALSE,FALSE,6,300,"BENCH WARRANT ISSUED ON APPLICATION TO ACCELERATE, JUDGE: TO"
garfield,REQJTCR,,,FALSE,FALSE,9,270,REQUEST FOR JURY TRIAL
garfield,SFCCC,,,FALSE,FALSE,48,240,ADDITION OF 10% FOR WARRANT COLLECTION
garfield,SFCSF,,,FALSE,FALSE,48,-240,REDUCTION IN BENCH WARRANT FEE TO SHERIFF (10%)
garfield,COSTS,,,FALSE,FALSE,7,236.04,TRAFFIC COSTS (SPEEDING - 1 TO 10 OVER)
garfield,NOPCNJ,,,FALSE,FALSE,1,200,NOTICE OF POST CONVICTION APPEAL Document Available (#106502
garfield,WICF,,,FALSE,FALSE,13,173.31,WARRANT INTERCEPT 3% COLLECTION FEE
garfield,CBELT,,,FALSE,FALSE,17,170,COURT COSTS ON SEAT BELT VIOLATION
garfield,BWICA,,,FALSE,FALSE,3,150,"BENCH WARRANT ISSUED - CAUSE, JUDGE: TOM NEWBY - BOND AMOUNT"
garfield,BWIS$,,,FALSE,FALSE,3,150,"BENCH WARRANT ISSUED - SERVICE BY SHERIFF, JUDGE: JOHN MICHA"
garfield,TEXT,,,FALSE,FALSE,2,150,INTERPRETER FEES PAID TO BRUCE ZACHARIAS 1HR 30MIN @ $60.00
garfield,CBWF1,,,FALSE,FALSE,23,115,CLERK'S BENCH WARRANT FEE {TITLE 22 O.S.966A}
garfield,MSF,,,FALSE,FALSE,11,110,MAILING SERVICE FEE (PER PERSON)
garfield,REQCR,,,FALSE,FALSE,5,100,COURT REPORTER FEE AT TRIAL (JURY/NON-JURY/PRELIMINARY)
garfield,SDTIS,,,FALSE,FALSE,2,100,SUBPOENA DUCES TECUM ISSUED - SHERIFF (TO CUSTODIAN OF RECRO
garfield,BNDE,,,FALSE,FALSE,19,95,BUREAU OF NARCOTICS DRUG EDUCATION REVOLVING FUND
garfield,IDEA,,,FALSE,FALSE,6,90,DPS IMPAIRED DRIVER DATABASE FEE
garfield,NOFe,,,FALSE,FALSE,3,30,NOTICE OF FAILURE TO COMPLY ELECTRONICALLY TRANSFERRED TO TH
garfield,BFR,,,FALSE,FALSE,1,-25,BOND FEE REALLOCATION FROM COURT FUND
garfield,BOJD,,,FALSE,FALSE,1,25,BOND INITIAL FILING JAIL FUND FEE
garfield,WFP,,,FALSE,FALSE,1,20,WITNESS FEES PAID TO REBECCA MARSH VOUCHER # 11735 $10.00 AN
garfield,SFCCCR,,,FALSE,FALSE,2,-10,ADDITION OF 10% FOR WARRANT COLLECTION REVERSED
garfield,SFCSFR,,,FALSE,FALSE,2,10,REDUCTION IN BENCH WARRANT FEE TO SHERIFF (10%) REVERSED
garfield,DCADMIN25D,,,FALSE,FALSE,1,3.75,DISTRICT COURT ADMINISTRATIVE FEE ON $25 COLLECTIONS
garfield,AC31,,,FALSE,FALSE,1,-2.5,CORRECTIONS TO ACCOUNTING ENTRIES FOR INITIAL BOND FILING.
garfield,CCADMIN25D,,,FALSE,FALSE,1,2.5,COURT CLERK ADMINISTRATIVE FEE ON $25 COLLECTIONS
logan,FINE,,,FALSE,FALSE,92,30985,FINES PAYABLE TO COUNTY
logan,SFIJC,,,FALSE,FALSE,80,16740,SHERIFF'S FUND - INMATE JAIL COSTS
logan,OCISR,,,FALSE,FALSE,535,13426,OKLAHOMA COURT INFORMATION SYSTEM REVOLVING FUND
logan,VCA,,,FALSE,FALSE,144,10595,VICTIMS COMPENSATION ASSESSMENT (AC12)
logan,ATFEE,,,FALSE,FALSE,47,10205,COURT APPOINTED ATTORNEY FEE ASSESSED TO DEFENDANT (OIDS)
logan,CTFD,,,FALSE,FALSE,33,9950,COURT FUND ASSESSMENT
logan,RECP,,,FALSE,FALSE,9,8736.25,RECEIPT FOR INMATE/DOCUMENTS/DETAINER Document Available (#1
logan,COSTF,,,FALSE,FALSE,77,7873,COURT COSTS ON FELONY
logan,BOFPD,,,FALSE,FALSE,3,7500,BOND FORFEITURE TENDER- PAID IN CASE
logan,SFC,,,FALSE,FALSE,20,6516.2,CASE SENT FOR COLLECTION. BATCH ID: 20240126-754 - COLLECTIO
logan,BWIFA,,,FALSE,FALSE,106,6257.59,"BENCH WARRANT ISSUED FAILED TO APPEAR, JUDGE: LOUIS DUEL - B"
logan,CFOWAV,,,FALSE,FALSE,64,-6199.65,"WAIVER OF COURT FINANCIAL OBLIGATION FOR MCGEE, LINDELL ARLE"
logan,COSTM,,,FALSE,FALSE,73,6054,COURT COSTS ON MISDEMEANOR
logan,DCADMIN,,,FALSE,FALSE,143,5668.14,DISTRICT COURT ADMINISTRATIVE FEE
logan,TCARF,,,FALSE,FALSE,133,5580,TRAUMA CARE ASSISTANCE REVOLVING FUND
logan,CCADMIN,,,FALSE,FALSE,202,5148.39,COURT CLERK ADMINISTRATIVE FEE ON COLLECTIONS
logan,AIDS,,,FALSE,FALSE,83,3320,"PAUPER'S AFFIDAVIT Pursuant to 12 O.S. § 39, Document Availa"
logan,BOJ,,,FALSE,FALSE,130,3250,BOND INITIAL FILING JAIL FUND FEE
logan,DACPAF,,,FALSE,FALSE,71,3075,DA COUNCIL PROSECUTION ASSESSMENT FOR FELONY
logan,DPSFEE,,,FALSE,FALSE,41,2699,DPS PATROL VEHICLE FUND FEE ASSESSMENT
logan,BWIFAP,,,FALSE,FALSE,45,2250,"BENCH WARRANT ISSUED FAILED TO APPEAR AND PAY, JUDGE: LOUIS "
logan,BO,,,FALSE,FALSE,130,2125,"SURETY BOND FOR WADE, MARK ANTHONY POSTED BY COX, LATOSHA MO"
logan,DACPAM,,,FALSE,FALSE,72,2010,DA COUNCIL PROSECUTION ASSESSMENT FOR MISDEMEANOR
logan,COSTD,,,FALSE,FALSE,6,1998,COURT COSTS ON DUI
logan,SIS$,,,FALSE,FALSE,39,1920,SUBPOENA ISSUED - SHERIFF
logan,WHCI,,,FALSE,FALSE,13,1895.96,WRIT OF HABEAS CORPUS AD PROSEQUENDUM ISSUED TO LOGAN COUNTY
logan,COSTT,,,FALSE,FALSE,21,1848,TRAFFIC COSTS
logan,DAIJC,,,FALSE,FALSE,80,1824,DA FEE - INMATE JAIL COSTS
logan,WAI$,,,FALSE,FALSE,35,1710,"WARRANT OF ARREST ISSUED, JUDGE: WILLIAM WHEELER COUNT 1 - A"
logan,BWIAR,,,FALSE,FALSE,34,1709.92,"BENCH WARRANT ISSUED ON APPLICATION TO REVOKE, JUDGE: LOUIS "
logan,SSFCHS,,,FALSE,FALSE,161,1604.5,SHERIFF’S SERVICE FEE FOR COURT HOUSE SECURITY
logan,CLEET,,,FALSE,FALSE,163,1581.5,CLEET PENALTY ASSESSMENT
logan,AFIS,,,FALSE,FALSE,163,1420.5,AFIS FEE
logan,FOREN,,,FALSE,FALSE,163,1419.5,FORENSIC SCIENCE IMPROVEMENT ASSESSMENT
logan,TCS,,,FALSE,FALSE,10,1378.87,TRANSPORT COST - SHERIFF
logan,MELRF,,,FALSE,FALSE,133,1330,MEDICAL EXPENSE LIABILITY REVOLVING FUND
logan,JIF,,,FALSE,FALSE,1,1325.93,JURY IMPANELMENT FEE
logan,PR,,,FALSE,FALSE,58,1205,"RECOGNIZANCE BOND FOR WADE, MARK ANTHONY POSTED BY WADE, MAR"
logan,BWIAA,,,FALSE,FALSE,22,1135.45,"BENCH WARRANT ISSUED ON APPLICATION TO ACCELERATE, JUDGE: PH"
logan,CFOCTS,,,FALSE,FALSE,11,-1121.1,INCARCERATION CREDITS FOR TIME SERVED IN LIEU OF PAYMENT FOR
logan,CRFD,,,FALSE,FALSE,55,1100,COURT REPORTER FEE ON DISPOSITION
logan,PFE7,,,FALSE,FALSE,180,1080,LAW LIBRARY FEE
logan,SSF,,,FALSE,FALSE,181,902.25,SHERIFF'S SERVICE FEE ON ARRESTS
logan,ADJUST,,,FALSE,FALSE,347,830.27,ADJUSTING ENTRY: MONIES DUE TO AC09-CARD ALLOCATION
logan,AC01,,,FALSE,FALSE,37,-825,ADJUSTMENT TO ACCOUNTING ENTRIES FOR INITIAL BOND FILING.
logan,AC80,,,FALSE,FALSE,37,825,ADJUSTMENT TO ACCOUNTING ENTRIES FOR INITIAL BOND FILING.
logan,CCDUI,,,FALSE,FALSE,4,666,COURT COSTS ON DUI (MUNICIPAL ARREST)
logan,TR,,,FALSE,FALSE,3,612.5,"TRANSCRIPT OF PRELIMINARY HEARING HAD ON JANUARY 8, 2007 BEF"
logan,LABO,,,FALSE,FALSE,4,600,LAB ANALYSIS FEE- - PAY TO OSBI LAB
logan,AFD,,,FALSE,FALSE,4,586.43,AFFIDAVIT OF WITNESS ATTENDANCE AND STATE'S WITNESS FUND CLA
logan,DCADMIN25,,,FALSE,FALSE,144,540,DISTRICT COURT ADMINISTRATIVE FEE ON $25 COLLECTIONS
logan,AGVSU,,,FALSE,FALSE,161,481.3,ATTORNEY GENERAL VICTIM SERVICES UNIT
logan,CHAB,,,FALSE,FALSE,161,481.3,C.H.A.B. STATUTORY FEE
logan,WHCS,,,FALSE,FALSE,2,478.1,WRIT OF HABEAS CORPUS AD PROSEQUENDUM RETURNED FROM LOGAN CO
logan,MUNI,,,FALSE,FALSE,4,416.25,COSTS TO ARRESTING AGENCY (MUNICIPALITY) ON DUI
logan,DRUG,,,FALSE,FALSE,8,410,DRUG ABUSE EDUCATION/TREATMENT FEE (MENTAL HEALTH)
logan,CCADMIN25,,,FALSE,FALSE,163,407.5,COURT CLERK ADMINISTRATIVE FEE ON $25 COLLECTIONS
logan,O&J,,,FALSE,FALSE,20,385.8,ORDER AND JUDGMENT OF FORFEITURE ISSUED BY CERTIFIED MAIL TO
logan,DACPAT,,,FALSE,FALSE,18,348.8,DA COUNCIL PROSECUTION ASSESSMENT FOR TRAFFIC
logan,RETJS$,,,FALSE,FALSE,4,311.91,JUDGMENT AND SENTENCE WITH ATTACHMENT A RETURNED FROM LOGAN 
logan,DORJT,,,FALSE,FALSE,1,300,"NOTICE OF INTENT TO APPEAL; ORDER DETERMINING INDIGENCY, APP"
logan,TCARFF,,,FALSE,FALSE,1,300,TRAUMA CARE ASSISTANCE REVOLVING FUND FINE
logan,DACPAD,,,FALSE,FALSE,3,249.75,DA COUNCIL PROSECUTION ASSESSMENT FOR MUNICIPAL DUI
logan,CBWF1,,,FALSE,FALSE,48,240,CLERK'S BENCH WARRANT FEE {TITLE 22 O.S.966A}
logan,BFR,,,FALSE,FALSE,8,-200,BOND FEE REALLOCATION FROM COURT FUND
logan,BOJD,,,FALSE,FALSE,8,200,BOND INITIAL FILING JAIL FUND FEE
logan,DORNJT,,,FALSE,FALSE,1,200,"NOTICE OF INTENT TO APPEAL; ORDER DETERMINING INDIGENCY, APP"
logan,T&2,,,FALSE,FALSE,1,199.5,"PRELIMINARY HEARING HAD ON THE 19TH DAY OF JULY, 2022 BEFORE"
logan,WINC,,,FALSE,FALSE,16,160,NOTICE OF CLAIM OKLAHOMA TAX COMMISSION WARRANT INTERCEPT
logan,BWIFP,,,FALSE,FALSE,3,150,"BENCH WARRANT ISSUED FAILED TO PAY, JUDGE: LOUIS DUEL - BOND"
logan,DNAO,,,FALSE,FALSE,1,150,DNA LAB FEE- - PAY TO OSBI
logan,IDEA,,,FALSE,FALSE,10,150,DPS IMPAIRED DRIVER DATABASE FEE
logan,T,,,FALSE,FALSE,1,140,"TRANSCRIPT OF PRELIMINARY HEARING TAKEN ON OCTOBER 15, 2018 "
logan,BWIFC,,,FALSE,FALSE,2,100,"BENCH WARRANT ISSUED - FAILURE TO COMPLY, JUDGE: LOUIS DUEL "
logan,RET,,,FALSE,FALSE,2,100,ARREST WARRANT RETURNED FROM LOGAN COUNTY SHERIFF-SERVED COD
logan,SS,,,FALSE,FALSE,2,100,SUBPOENA RETURNED FROM LOGAN COUNTY SHERIFF SERVED LEO MANN 
logan,RESP,,,FALSE,FALSE,1,98.25,RECEIPT FOR INMATE/DOCUMENTS/DETAINER Pursuant to 12 O.S. § 
logan,BNDE,,,FALSE,FALSE,16,80,BUREAU OF NARCOTICS DRUG EDUCATION REVOLVING FUND
logan,CBELT,,,FALSE,FALSE,7,70,COURT COSTS ON SEAT BELT VIOLATION
logan,REQJTCR,,,FALSE,FALSE,2,60,REQUEST FOR JURY TRIAL
logan,J&S,,,FALSE,FALSE,1,50,JUDGMENT AND SENTENCE RETURNED FROM LOGAN COUNTY SHERIFF DEL
logan,OTC,,,FALSE,FALSE,1,50,ORDER TO CONDUCT OFFENDER ACCOUNTABILITY PLAN FOR THE DELAYE
logan,CRIJC,,,FALSE,FALSE,1,36,DA COUNCIL REVOLVING FUND - INMATE JAIL COSTS
logan,COSTS,,,FALSE,FALSE,1,33.72,TRAFFIC COSTS (SPEEDING - 1 TO 10 OVER)
logan,DCADMIN25D,,,FALSE,FALSE,8,30,DISTRICT COURT ADMINISTRATIVE FEE ON $25 COLLECTIONS
logan,CCADMIN0,,,FALSE,FALSE,1,24,COURT CLERK ADMINISTRATION FEE ON COLLECTIONS
logan,CCADMIN25D,,,FALSE,FALSE,8,20,COURT CLERK ADMINISTRATIVE FEE ON $25 COLLECTIONS
logan,NOFe,,,FALSE,FALSE,2,20,NOTICE OF FAILURE TO COMPLY ELECTRONICALLY TRANSFERRED TO TH
logan,DRUGA,,,FALSE,FALSE,3,18,DRUG ABUSE EDUCATION TREATMENT ADMINISTRATIVE FEE
logan,TEXT,,,FALSE,FALSE,2,15.92,RETURN FROM LOGAN COUNTY SHERIFF-DELIVERED TUCARA TAYLOR TO 
logan,COPY,,,FALSE,FALSE,3,13,COPIES CHARGED
logan,AC31,,,FALSE,FALSE,2,-5,CORRECTIONS TO ACCOUNTING ENTRIES FOR INITIAL BOND FILING.
logan,LT,,,FALSE,FALSE,1,3.5,LETTER FROM DEFT. REQUESTING COURT PAPERS-SENT COPY OF DOCKE
oklahoma,DTFR,,,FALSE,FALSE,3,18850,DRUG TRAFFICKING FINES - REVOLVING FUND--**S/B AC33
oklahoma,DTFA,,,FALSE,FALSE,2,18750,DRUG TRAFFICKING FINES-ARRESTING AGENCY
oklahoma,DTFC,,,FALSE,FALSE,2,18750,DRUG TRAFFICKING FINES-COURT FUND
oklahoma,DTFE,,,FALSE,FALSE,2,18750,DRUG TRAFFICKING FINES-DEPARTMENT OF EDUCATION DRUG ABUSE RE
oklahoma,BOFTO,,,FALSE,FALSE,4,18500,BOND FORFEITURE TENDER PAID TO STATE
oklahoma,SFC,,,FALSE,FALSE,72,17077.87,CASE SENT FOR COLLECTION. BATCH ID: 20191015-9486 - COLLECTI
oklahoma,OCISR,,,FALSE,FALSE,520,12658,OKLAHOMA COURT INFORMATION SYSTEM REVOLVING FUND
oklahoma,FINE,,,FALSE,FALSE,130,11540,FINES PAYABLE TO COUNTY
oklahoma,COSTF,,,FALSE,FALSE,93,9534,COURT COSTS ON FELONY
oklahoma,VCA,,,FALSE,FALSE,105,9390,VICTIMS COMPENSATION ASSESSMENT (AC12)
oklahoma,TCARF,,,FALSE,FALSE,136,6760,TRAUMA CARE ASSISTANCE REVOLVING FUND
oklahoma,WAI$,,,FALSE,FALSE,108,5280,WARRANT OF ARREST ISSUED
oklahoma,DNAO,,,FALSE,FALSE,31,4650,DNA LAB FEE- - PAY TO OSBI
oklahoma,DACPAF,,,FALSE,FALSE,101,4420,DA COUNCIL PROSECUTION ASSESSMENT FOR FELONY
oklahoma,DPSFEE,,,FALSE,FALSE,67,4212,DPS PATROL VEHICLE FUND FEE ASSESSMENT
oklahoma,DCADMIN,,,FALSE,FALSE,135,3745.02,DISTRICT COURT ADMINISTRATIVE FEE
oklahoma,COSTM,,,FALSE,FALSE,44,3637,COURT COSTS ON MISDEMEANOR
oklahoma,CCADMIN,,,FALSE,FALSE,195,3548.44,COURT CLERK ADMINISTRATIVE FEE ON COLLECTIONS
oklahoma,BWIFAP,,,FALSE,FALSE,70,3500,"BENCH WARRANT ISSUED FAILED TO APPEAR AND PAY, JUDGE: DONALD"
oklahoma,COSTD,,,FALSE,FALSE,10,3330,COURT COSTS ON DUI
oklahoma,COSTT,,,FALSE,FALSE,37,3190,TRAFFIC COSTS
oklahoma,BOJ,,,FALSE,FALSE,116,2900,BOND INITIAL FILING JAIL FUND FEE
oklahoma,BO,,,FALSE,FALSE,129,1890,"SURETY BOND FOR FREEMAN, JAMES BERNARD POSTED BY HANCOCK, BR"
oklahoma,CLEET,,,FALSE,FALSE,195,1853.5,C.L.E.E.T. PENALTY ASSESSMENT
oklahoma,DRUG,,,FALSE,FALSE,14,1850,DRUG ABUSE EDUCATION/TREATMENT FEE (MENTAL HEALTH)
oklahoma,SSFCHS,,,FALSE,FALSE,182,1803.5,SHERIFF’S SERVICE FEE FOR COURT HOUSE SECURITY
oklahoma,CTDFTA,,,FALSE,FALSE,7,1774,DEFENDANT FAILED TO APPEAR; BENCH WARRANT TO ISSUE BOND AMOU
oklahoma,CFOCAW,,,FALSE,FALSE,35,1750,"COURT FINANCIAL OBLIGATION - COST ARREST WARRANT, JUDGE: BRO"
oklahoma,ATTO,,,FALSE,FALSE,10,1675,ATTORNEY FEE - TULSA AND OKLAHOMA COUNTY PUBLIC DEFENDER
oklahoma,BWIFA,,,FALSE,FALSE,32,1600,"BENCH WARRANT ISSUED FAILED TO APPEAR, JUDGE: JAMES PADDLEFO"
oklahoma,FOREN,,,FALSE,FALSE,195,1583.5,FORENSIC SCIENCE IMPROVEMENT ASSESSMENT
oklahoma,AFIS,,,FALSE,FALSE,195,1569.5,C.L.E.E.T. PENALTY ASSESSMENT FOR AFIS
oklahoma,DACPAM,,,FALSE,FALSE,56,1535,DA COUNCIL PROSECUTION ASSESSMENT FOR MISDEMEANOR
oklahoma,CCDUI,,,FALSE,FALSE,9,1498.5,COURT COSTS ON DUI (MUNICIPAL ARREST)
oklahoma,MELRF,,,FALSE,FALSE,147,1470,MEDICAL EXPENSE LIABILITY REVOLVING FUND
oklahoma,BWIAR,,,FALSE,FALSE,27,1350,"BENCH WARRANT ISSUED ON APPLICATION TO REVOKE, JUDGE: RUSSEL"
oklahoma,PFE7,,,FALSE,FALSE,192,1149,LAW LIBRARY FEE
oklahoma,SORET,,,FALSE,FALSE,14,1025.6,SHERIFF'S RETURN Document Available at Court Clerk's Office
oklahoma,SSF,,,FALSE,FALSE,195,966.75,SHERIFF'S SERVICE FEE ON ARRESTS
oklahoma,WFPDA,,,FALSE,FALSE,12,884.73,WITNESS FEES PAID BY DISTRICT ATTORNEY Pursuant to 12 O.S. §
oklahoma,CTFD,,,FALSE,FALSE,6,770,COURT FUND ASSESSMENT
oklahoma,DACPAD,,,FALSE,FALSE,9,749.25,DA COUNCIL PROSECUTION ASSESSMENT FOR MUNICIPAL DUI
oklahoma,MUNI,,,FALSE,FALSE,9,749.25,COSTS TO ARRESTING AGENCY (MUNICIPALITY) ON DUI
oklahoma,ADJUST,,,FALSE,FALSE,378,692.41,ADJUSTING ENTRY: MONIES DUE TO AC09-CARD ALLOCATION
oklahoma,DACPAT,,,FALSE,FALSE,35,566.4,DA COUNCIL PROSECUTION ASSESSMENT FOR TRAFFIC
oklahoma,AGVSU,,,FALSE,FALSE,181,537.9,ATTORNEY GENERAL VICTIM SERVICES UNIT
oklahoma,CHAB,,,FALSE,FALSE,181,537.9,C.H.A.B. STATUTORY FEE
oklahoma,CBWF1,,,FALSE,FALSE,105,525,CLERK'S BENCH WARRANT FEE {TITLE 22 O.S.966A}
oklahoma,BWIFAR,,,FALSE,FALSE,10,500,BENCH WARRANT ISSUED - FAILURE TO APPEAR - APPLICATION TO RE
oklahoma,RWHCT$,,,FALSE,FALSE,2,493.54,RETURN WRIT- HABEAS CORPUS AD TESTIFICANDUM Document Availab
oklahoma,LABO,,,FALSE,FALSE,3,450,LAB ANALYSIS FEE- - PAY TO OSBI LAB
oklahoma,RETJS$,,,FALSE,FALSE,9,450,RETURN JUDGMENT & SENTENCE
oklahoma,RECCM,,,FALSE,FALSE,44,434,RECEIPT FOR CERTIFIED MAIL/MONICA RICHARDSON/SIGNED BY B. LA
oklahoma,AC01,,,FALSE,FALSE,21,-425,ADJUSTMENT TO ACCOUNTING ENTRIES FOR INITIAL BOND FILING.
oklahoma,AC80,,,FALSE,FALSE,21,425,ADJUSTMENT TO ACCOUNTING ENTRIES FOR INITIAL BOND FILING.
oklahoma,SFCCC,,,FALSE,FALSE,71,355,ADDITION OF 10% FOR WARRANT COLLECTION
oklahoma,SFCSF,,,FALSE,FALSE,71,-355,REDUCTION IN BENCH WARRANT FEE TO SHERIFF (10%)
oklahoma,DCADMIN25,,,FALSE,FALSE,94,352.5,DISTRICT COURT ADMINISTRATIVE FEE ON $25 COLLECTIONS
oklahoma,BWIAA,,,FALSE,FALSE,7,350,"BENCH WARRANT ISSUED ON APPLICATION TO ACCELERATE, JUDGE: RU"
oklahoma,WICF,,,FALSE,FALSE,34,340.42,WARRANT INTERCEPT 3% COLLECTION FEE
oklahoma,CCADMIN25,,,FALSE,FALSE,131,327.5,COURT CLERK ADMINISTRATIVE FEE ON $25 COLLECTIONS
oklahoma,BOND,,,FALSE,FALSE,1,306.5,BOND:$306.50
oklahoma,LABP,,,FALSE,FALSE,3,300,LAB ANALYSIS FEE- - PAY TO POLICE DEPARTMENT
oklahoma,BWIFC,,,FALSE,FALSE,5,250,"BENCH WARRANT ISSUED - FAILURE TO COMPLY, JUDGE: JERRY BASS "
oklahoma,DCPF,,,FALSE,FALSE,1,250,DRUG COURT PROGRAM FEE
oklahoma,RWHC$,,,FALSE,FALSE,3,247.4,RETURN WRIT OF HABEAS CORPUS Document Available at Court Cle
oklahoma,IDEA,,,FALSE,FALSE,16,240,DPS IMPAIRED DRIVER DATABASE FEE
oklahoma,BFR,,,FALSE,FALSE,8,-200,BOND FEE REALLOCATION FROM COURT FUND
oklahoma,BOJD,,,FALSE,FALSE,8,200,BOND INITIAL FILING JAIL FUND FEE
oklahoma,PR,,,FALSE,FALSE,15,200,"BAIL ON PERSONAL RECOGNIZANCE BOND FOR WHITEHORN, COI WESLEY"
oklahoma,TCS,,,FALSE,FALSE,4,200,TRANSPORT COST - SHERIFF
oklahoma,RETO$,,,FALSE,FALSE,1,193.32,RETURN ORDER AT THE HEARING OF THE APPLICATION FOR DETERMINA
oklahoma,ATFEE,,,FALSE,FALSE,1,175,COURT APPOINTED ATTORNEY FEE ASSESSED TO DEFENDANT
oklahoma,PSIF,,,FALSE,FALSE,1,150,"PRE-SENTENCE INVESIGATION FEE ASSESSED TO DEFENDANT, PAYABLE"
oklahoma,CNP,,,FALSE,FALSE,1,-137.1,CASE NOT PROCESSED. BATCH ID: 20231010-14417 - COLLECTION ID
oklahoma,CRFD,,,FALSE,FALSE,1,115,COURT REPORTER FEE ON DISPOSITION
oklahoma,COSTS,,,FALSE,FALSE,3,101.16,TRAFFIC COSTS (SPEEDING - 1 TO 10 OVER)
oklahoma,BWICA,,,FALSE,FALSE,2,100,"BENCH WARRANT ISSUED - CAUSE, JUDGE: RUSSELL HALL - BOND AMO"
oklahoma,RETOR,,,FALSE,FALSE,2,100,RETURN ORDER REVOKING SUSPENDED SENTENCE
oklahoma,AC08,,,FALSE,FALSE,1,80,SHERIFF'S FEES CIVIL AND CRIMINAL TRANSFER FROM JDL CASE
oklahoma,AIDS1,,,FALSE,FALSE,5,75,APPLICATION FOR INDIGENT DEFENSE
oklahoma,OJDLF,,,FALSE,FALSE,1,75,ORDER OF ADJUDICATION AND DISPOSITION FELONY TRANSFERRED FRO
oklahoma,SFIJC,,,FALSE,FALSE,2,72.18,SHERIFF'S FUND - INMATE JAIL COSTS
oklahoma,CBELT,,,FALSE,FALSE,6,60,COURT COSTS ON SEAT BELT VIOLATION
oklahoma,BWIFAA,,,FALSE,FALSE,1,50,BENCH WARRANT ISSUED - FAILURE TO APPEAR - APPLICATION TO AC
oklahoma,FINEDPS,,,FALSE,FALSE,1,50,FINE PAYABLE TO DPS REVOLVING FUND
oklahoma,NOSe,,,FALSE,FALSE,5,50,NOTICE OF ABILITY TO SUSPEND ELECTRONICALLY TRANSFERRED TO T
oklahoma,BNDE,,,FALSE,FALSE,6,30,BUREAU OF NARCOTICS DRUG EDUCATION REVOLVING FUND
oklahoma,DACPAJ,,,FALSE,FALSE,1,30,DA COUNCIL PROSECUTION ASSESSMENT FOR JUVENILE
oklahoma,DCADMIN25D,,,FALSE,FALSE,8,30,DISTRICT COURT ADMINISTRATIVE FEE ON $25 COLLECTIONS
oklahoma,DCADMIN50,,,FALSE,FALSE,4,30,DISTRICT COURT ADMINISTRATIVE FEE ON $50 COLLECTIONS
oklahoma,WAI,,,FALSE,FALSE,1,30,"WARRANT OF ARREST ISSUED, JUDGE: RUSSELL HALL - BOND AMOUNT:"
oklahoma,CCADMIN25D,,,FALSE,FALSE,8,20,COURT CLERK ADMINISTRATIVE FEE ON $25 COLLECTIONS
oklahoma,CCADMIN50,,,FALSE,FALSE,4,20,COURT CLERK'S ADMINISTRATIVE FEE ON $50 COLLECTIONS
oklahoma,DCADMIN30,,,FALSE,FALSE,3,13.5,DISTRICT COURT ADMINISTRATIVE FEE ON $30 COLLECTIONS
oklahoma,BOTRF,,,FALSE,FALSE,1,10,A BOND FROM CASE # CPC-2022-3350 DATED 07/13/2022 HAS BEEN T
oklahoma,CCADMIN30,,,FALSE,FALSE,3,9,COURT CLERK ADMINISTRATIVE FEE ON $30 COLLECTIONS
oklahoma,DAIJC,,,FALSE,FALSE,2,6.17,DA FEE - INMATE JAIL COSTS
oklahoma,AC31,,,FALSE,FALSE,2,-5,CORRECTIONS TO ACCOUNTING ENTRIES FOR INITIAL BOND FILING.
oklahoma,SFCCCR,,,FALSE,FALSE,1,-5,ADDITION OF 10% FOR WARRANT COLLECTION REVERSED
oklahoma,SFCSFR,,,FALSE,FALSE,1,5,REDUCTION IN BENCH WARRANT FEE TO SHERIFF (10%) REVERSED
oklahoma,CRIJC,,,FALSE,FALSE,1,1.84,DA COUNCIL REVOLVING FUND - INMATE JAIL COSTS
oklahoma,CFT,,,FALSE,FALSE,1,0.5,COURT FUND TRANSFER - PER 28 O.S. 106
payne,SFIJC,,,FALSE,FALSE,73,29322,SHERIFF'S FUND - INMATE JAIL COSTS
payne,FINE,,,FALSE,FALSE,120,29081,FINES PAYABLE TO COUNTY
payne,OCISR,,,FALSE,FALSE,467,11478,OKLAHOMA COURT INFORMATION SYSTEM REVOLVING FUND
payne,BOFTO,,,FALSE,FALSE,1,10000,BOND FORFEITURE TENDER PAID TO STATE
payne,DCADMIN,,,FALSE,FALSE,169,8342.97,DISTRICT COURT ADMINISTRATIVE FEE
payne,ATFEE,,,FALSE,FALSE,32,7800,COURT APPOINTED ATTORNEY FEE ASSESSED TO DEFENDANT (OIDS)
payne,COSTM,,,FALSE,FALSE,88,7304,COURT COSTS ON MISDEMEANOR
payne,VCA,,,FALSE,FALSE,138,6725,VICTIMS COMPENSATION ASSESSMENT (AC12)
payne,CCADMIN,,,FALSE,FALSE,207,6639.22,COURT CLERK ADMINISTRATIVE FEE ON COLLECTIONS
payne,TCARF,,,FALSE,FALSE,171,6160,TRAUMA CARE ASSISTANCE REVOLVING FUND
payne,BWIFA,,,FALSE,FALSE,119,5950,"BENCH WARRANT ISSUED FAILED TO APPEAR, JUDGE: PHILLIP CORLEY"
payne,RTSUB$,,,FALSE,FALSE,72,5345,RETURN SUBPOENA - FRANKLIN/ LILLIE - MANUEL TO PICK UP SOMTI
payne,SFC,,,FALSE,FALSE,8,4288.8,CASE SENT FOR COLLECTION. BATCH ID: 20130603-1688 - COLLECTI
payne,COSTF,,,FALSE,FALSE,40,4110,COURT COSTS ON FELONY
payne,T,,,FALSE,FALSE,18,4049.5,ORIGINAL TRANSCRIPT OF PROCEEDINGS HAD ON THE 6TH DAY OF JAN
payne,BOJ,,,FALSE,FALSE,142,3550,BOND INITIAL FILING JAIL FUND FEE
payne,RETBW,,,FALSE,FALSE,19,3423.74,"WARRANT RETURNED 5/19/2022, WARRANT ISSUED ON 4/8/2022, WARR"
payne,DAIJC,,,FALSE,FALSE,73,3256.5,DA FEE - INMATE JAIL COSTS
payne,COSTT,,,FALSE,FALSE,33,2904,TRAFFIC COSTS
payne,DPSFEE,,,FALSE,FALSE,65,2642,DPS PATROL VEHICLE FUND FEE ASSESSMENT
payne,DACPAM,,,FALSE,FALSE,86,2295,DA COUNCIL PROSECUTION ASSESSMENT FOR MISDEMEANOR
payne,BO,,,FALSE,FALSE,131,2185,"SURETY BOND FOR COX, CRAIG BARTON POSTED BY ROARK, MARY LOU "
payne,AIDS,,,FALSE,FALSE,54,2160,APPLICATION FOR INDIGENT DEFENSE
payne,COSTD,,,FALSE,FALSE,6,1998,COURT COSTS ON DUI
payne,RWHCP$,,,FALSE,FALSE,4,1876.44,RETURN WRIT - HABEAS CORPUS AD PROSEQUENDUM (AC08) Pursuant 
payne,SSFCHS,,,FALSE,FALSE,180,1728.5,SHERIFF’S SERVICE FEE FOR COURT HOUSE SECURITY
payne,DACPAF,,,FALSE,FALSE,41,1725,DA COUNCIL PROSECUTION ASSESSMENT FOR FELONY
payne,CLEET,,,FALSE,FALSE,182,1698.5,C.L.E.E.T. PENALTY ASSESSMENT
payne,RETWA,,,FALSE,FALSE,5,1533.01,"WARRANT RETURNED 9/28/2021, WARRANT ISSUED ON 3/11/2021, WAR"
payne,FOREN,,,FALSE,FALSE,182,1518.5,FORENSIC SCIENCE IMPROVEMENT ASSESSMENT
payne,AFIS,,,FALSE,FALSE,182,1514.5,C.L.E.E.T. PENALTY ASSESSMENT FOR AFIS
payne,LABO,,,FALSE,FALSE,10,1500,LAB ANALYSIS FEE- - PAY TO OSBI LAB
payne,PR,,,FALSE,FALSE,71,1310,"RECOGNIZANCE BOND FOR CRANKE, MITCHELL LEE JR, POSTED 10/03/"
payne,CRFD,,,FALSE,FALSE,43,1270,COURT REPORTER FEE ON DISPOSITION
payne,MELRF,,,FALSE,FALSE,127,1270,MEDICAL EXPENSE LIABILITY REVOLVING FUND
payne,DRUG,,,FALSE,FALSE,13,1200,DRUG ABUSE EDUCATION/TREATMENT FEE (MENTAL HEALTH)
payne,BWIAR,,,FALSE,FALSE,23,1150,"BENCH WARRANT ISSUED ON APPLICATION TO REVOKE, JUDGE: DONALD"
payne,WAI$,,,FALSE,FALSE,22,1100,"WARRANT OF ARREST ISSUED, JUDGE: MICHAEL STANO - BOND AMOUNT"
payne,PFE7,,,FALSE,FALSE,172,1032,LAW LIBRARY FEE
payne,DACPAT,,,FALSE,FALSE,53,974.4,DA COUNCIL PROSECUTION ASSESSMENT FOR TRAFFIC
payne,WFPDA,,,FALSE,FALSE,21,943.02,WITNESS FEES PAID BY DISTRICT ATTORNEY - MARK JAFEK
payne,SSF,,,FALSE,FALSE,185,889.25,SHERIFF'S SERVICE FEE ON ARRESTS
payne,BFR,,,FALSE,FALSE,34,-850,BOND FEE REALLOCATION FROM COURT FUND
payne,BOJD,,,FALSE,FALSE,34,850,BOND INITIAL FILING JAIL FUND FEE
payne,CCDUI,,,FALSE,FALSE,5,832.5,COURT COSTS ON DUI (MUNICIPAL ARREST)
payne,RTSUB,,,FALSE,FALSE,22,751,RETURN SUBPOENA- HESSER
payne,DNAO,,,FALSE,FALSE,5,750,DNA LAB FEE- - PAY TO OSBI
payne,AC01,,,FALSE,FALSE,33,-725,ADJUSTMENT TO ACCOUNTING ENTRIES FOR INITIAL BOND FILING.
payne,AC80,,,FALSE,FALSE,33,725,ADJUSTMENT TO ACCOUNTING ENTRIES FOR INITIAL BOND FILING.
payne,ADJUST,,,FALSE,FALSE,359,603.03,ADJUSTING ENTRY: MONIES DUE TO AC09-CARD ALLOCATION
payne,DCADMIN25,,,FALSE,FALSE,152,570,DISTRICT COURT ADMINISTRATIVE FEE ON $25 COLLECTIONS
payne,AGVSU,,,FALSE,FALSE,180,517.9,ATTORNEY GENERAL VICTIM SERVICES UNIT
payne,CHAB,,,FALSE,FALSE,180,517.9,C.H.A.B. STATUTORY FEE
payne,RETJS$,,,FALSE,FALSE,4,500.7,"RETURN JUDGMENT & SENTENCE Pursuant to 12 O.S. § 39, Documen"
payne,COSTS,,,FALSE,FALSE,13,438.36,TRAFFIC COSTS (SPEEDING - 1 TO 10 OVER)
payne,CCADMIN25,,,FALSE,FALSE,171,427.5,COURT CLERK ADMINISTRATIVE FEE ON $25 COLLECTIONS
payne,DACPAD,,,FALSE,FALSE,5,416.25,DA COUNCIL PROSECUTION ASSESSMENT FOR MUNICIPAL DUI
payne,MUNI,,,FALSE,FALSE,5,416.25,COSTS TO ARRESTING AGENCY (MUNICIPALITY) ON DUI
payne,RECCM,,,FALSE,FALSE,41,410,RECEIPT FOR CERTIFIED MAIL- MAILED ORDER & JUDGMENT OF FORFE
payne,BWIAA,,,FALSE,FALSE,8,400,"BENCH WARRANT ISSUED ON APPLICATION TO ACCELERATE, JUDGE: ST"
payne,AC53,,,FALSE,FALSE,1,300,IDS ATTORNEY FEES - CRIMINAL ONLY
payne,BWIFAP,,,FALSE,FALSE,5,250,"BENCH WARRANT ISSUED FAILED TO APPEAR AND PAY, JUDGE: MICHAE"
payne,IDEA,,,FALSE,FALSE,11,165,DPS IMPAIRED DRIVER DATABASE FEE
payne,DCADMIN25D,,,FALSE,FALSE,34,127.5,DISTRICT COURT ADMINISTRATIVE FEE ON $25 COLLECTIONS
payne,TEXT,,,FALSE,FALSE,4,105.88,RETURN SUBPOENA COLBY/DELAWARE COUNTY Document Available (#1
payne,BWICA,,,FALSE,FALSE,2,100,"BENCH WARRANT ISSUED - DRUG COURT, JUDGE: MICHAEL KULLING - "
payne,BWIFAA,,,FALSE,FALSE,2,100,BENCH WARRANT ISSUED - FAILURE TO APPEAR - APPLICATION TO AC
payne,CFOCAW,,,FALSE,FALSE,2,100,"COURT FINANCIAL OBLIGATION - COST ARREST WARRANT, JUDGE: SUS"
payne,BNDE,,,FALSE,FALSE,19,95,BUREAU OF NARCOTICS DRUG EDUCATION REVOLVING FUND
payne,WICF,,,FALSE,FALSE,7,88.14,WARRANT INTERCEPT 3% COLLECTION FEE
payne,CCADMIN25D,,,FALSE,FALSE,34,85,COURT CLERK ADMINISTRATIVE FEE ON $25 COLLECTIONS
payne,NOSe,,,FALSE,FALSE,7,70,NOTICE OF ABILITY TO SUSPEND ELECTRONICALLY TRANSFERRED TO T
payne,BWIFAR,,,FALSE,FALSE,1,50,BENCH WARRANT ISSUED - FAILURE TO APPEAR - APPLICATION TO RE
payne,CBELT,,,FALSE,FALSE,5,50,COURT COSTS ON SEAT BELT VIOLATION
payne,BOTRF,,,FALSE,FALSE,2,45,A BOND FROM CASE # CM-2016-1817 DATED 11/03/2016 HAS BEEN TR
payne,CBWF1,,,FALSE,FALSE,7,35,CLERK'S BENCH WARRANT FEE {TITLE 22 O.S.966A}
payne,OTP,,,FALSE,FALSE,1,30,MOTION AND ORDER TO PAY LANGUAGE INTERPRETER - TIM PARROW Do
payne,WAI,,,FALSE,FALSE,1,30,"WARRANT OF ARREST ISSUED, JUDGE: CHARLES MEYERS - BOND AMOUN"
payne,SFCCC,,,FALSE,FALSE,5,25,ADDITION OF 10% FOR WARRANT COLLECTION
payne,SFCSF,,,FALSE,FALSE,5,-25,REDUCTION IN BENCH WARRANT FEE TO SHERIFF (10%)
payne,AC31,,,FALSE,FALSE,2,-5,CORRECTIONS TO ACCOUNTING ENTRIES FOR INITIAL BOND FILING.
payne,CRIJC,,,FALSE,FALSE,1,1.5,DA COUNCIL REVOLVING FUND - INMATE JAIL COSTS
pushmataha,AC22,,,FALSE,FALSE,131,142646.79,SHERIFF'S SERVICE & INCARCERATION FEE
pushmataha,CTS,,,FALSE,FALSE,300,-54243.07,"CREDIT TIME SERVED FOR JANOE, BILLY JACK IN THE AMOUNT OF $ "
pushmataha,FINE,,,FALSE,FALSE,142,46250,FINES PAYABLE TO COUNTY
pushmataha,DTFA,,,FALSE,FALSE,3,31250,DRUG TRAFFICKING FINES-ARRESTING AGENCY
pushmataha,DTFC,,,FALSE,FALSE,3,31250,DRUG TRAFFICKING FINES-COURT FUND
pushmataha,DTFE,,,FALSE,FALSE,3,31250,DRUG TRAFFICKING FINES-DEPARTMENT OF EDUCATION DRUG ABUSE RE
pushmataha,DTFR,,,FALSE,FALSE,3,31250,DRUG TRAFFICKING FINES-DISTRICT ATTORNEY REVOLVING FUND
pushmataha,AC72,,,FALSE,FALSE,130,15642.59,DA INCARCERATION FEE
pushmataha,TCARF,,,FALSE,FALSE,178,7100,TRAUMA CARE ASSISTANCE REVOLVING FUND
pushmataha,OCISR,,,FALSE,FALSE,280,6771,OKLAHOMA COURT INFORMATION SYSTEM REVOLVING FUND
pushmataha,COSTM,,,FALSE,FALSE,73,6054,COURT COSTS ON MISDEMEANOR
pushmataha,VCA,,,FALSE,FALSE,62,5980,VICTIMS COMPENSATION ASSESSMENT (AC12)
pushmataha,COSTF,,,FALSE,FALSE,51,5233,COURT COSTS ON FELONY
pushmataha,COSTD,,,FALSE,FALSE,15,4995,COURT COSTS ON DUI
pushmataha,COSTT,,,FALSE,FALSE,49,4312,TRAFFIC COSTS
pushmataha,ATFEE,,,FALSE,FALSE,18,4300,COURT APPOINTED ATTORNEY FEE ASSESSED TO DEFENDANT (OIDS)
pushmataha,DCADMIN,,,FALSE,FALSE,175,4289.49,DISTRICT COURT ADMINISTRATIVE FEE
pushmataha,SS,,,FALSE,FALSE,49,4060,2 SUBPOENA SERVED TO CULLEN JONES & JOHN MITCHELL BY P.C.S.O
pushmataha,DPSFEE,,,FALSE,FALSE,60,3779,DPS PATROL VEHICLE FUND FEE ASSESSMENT
pushmataha,CCADMIN,,,FALSE,FALSE,197,3472.24,COURT CLERK ADMINISTRATIVE FEE ON COLLECTIONS
pushmataha,SFIJC,,,FALSE,FALSE,3,2606.4,SHERIFF'S FUND - INMATE JAIL COSTS
pushmataha,AIDS,,,FALSE,FALSE,59,2360,APPLICATION FOR INDIGENT DEFENSE Document Available (#100144
pushmataha,DACPAF,,,FALSE,FALSE,51,2225,DA COUNCIL PROSECUTION ASSESSMENT FOR FELONY
pushmataha,BWIFAP,,,FALSE,FALSE,44,2200,"BENCH WARRANT ISSUED FAILED TO APPEAR AND PAY, JUDGE: JANA W"
pushmataha,AC35,,,FALSE,FALSE,3,2161.25,INMATE JAIL COSTS/INCARCERATION FEE-PRIVATE Pursuant to 12 O
pushmataha,BOJ,,,FALSE,FALSE,85,2125,BOND INITIAL FILING JAIL FUND FEE
pushmataha,DACPAM,,,FALSE,FALSE,69,2025,DA COUNCIL PROSECUTION ASSESSMENT FOR MISDEMEANOR
pushmataha,CLEET,,,FALSE,FALSE,164,1549.5,C.L.E.E.T. PENALTY ASSESSMENT
pushmataha,SSFCHS,,,FALSE,FALSE,157,1509.5,SHERIFF’S SERVICE FEE FOR COURT HOUSE SECURITY
pushmataha,BWIFA,,,FALSE,FALSE,30,1500,"BENCH WARRANT ISSUED FAILED TO APPEAR, JUDGE: JANA WALLACE -"
pushmataha,AC55,,,FALSE,FALSE,8,1453.2,(FORMERLY PC06) OSBI LAB ANALYSIS - CRIMINAL ONLY Document A
pushmataha,AFIS,,,FALSE,FALSE,164,1432.5,C.L.E.E.T. PENALTY ASSESSMENT FOR AFIS
pushmataha,FOREN,,,FALSE,FALSE,162,1424.5,FORENSIC SCIENCE IMPROVEMENT ASSESSMENT
pushmataha,ADJUST,,,FALSE,FALSE,794,1311.69,ADJUSTING ENTRY: MONIES DUE TO AC09-CARD ALLOCATION
pushmataha,PJIJC,,,FALSE,FALSE,2,1260,PRIVATE JAIL INCARCERATION FEE
pushmataha,MELRF,,,FALSE,FALSE,119,1190,MEDICAL EXPENSE LIABILITY REVOLVING FUND
pushmataha,BO,,,FALSE,FALSE,85,1175,"PROFESSIONAL BOND FOR JANOE, BILLY JACK POSTED BY HOLDER, FR"
pushmataha,PFE7,,,FALSE,FALSE,190,1140,LAW LIBRARY FEE
pushmataha,BFR,,,FALSE,FALSE,39,-975,BOND FEE REALLOCATION FROM COURT FUND
pushmataha,BOJD,,,FALSE,FALSE,39,975,BOND INITIAL FILING JAIL FUND FEE
pushmataha,SSF,,,FALSE,FALSE,199,964.75,SHERIFF'S SERVICE FEE ON ARRESTS
pushmataha,RET,,,FALSE,FALSE,11,770,RETURN OF 2 SUBPOENAS TO CULLEN JONES AND JOHN MITCHELL BY P
pushmataha,DACPAT,,,FALSE,FALSE,41,696.8,DA COUNCIL PROSECUTION ASSESSMENT FOR TRAFFIC
pushmataha,FTRCA,,,FALSE,FALSE,53,530,NOTICE TO DEFENDANT - FAILURE TO REPORT TO COST ADMINISTRATO
pushmataha,SFC,,,FALSE,FALSE,1,508.83,CASE SENT FOR COLLECTION. BATCH ID: 20130213-408 - COLLECTIO
pushmataha,AC53,,,FALSE,FALSE,2,500,IDS ATTORNEY FEES - CRIMINAL ONLY
pushmataha,RETBW,,,FALSE,FALSE,10,500,"WARRANT RETURNED 6/1/2011, WARRANT ISSUED ON 5/24/2011, WARR"
pushmataha,MSF,,,FALSE,FALSE,47,470,MAILING SERVICE FEE FOR COST DUE LETTER ($ 10.00) - PAYMENT 
pushmataha,CHAB,,,FALSE,FALSE,157,452.3,C.H.A.B. STATUTORY FEE
pushmataha,AGVSU,,,FALSE,FALSE,157,451.55,ATTORNEY GENERAL VICTIM SERVICES UNIT
pushmataha,PR,,,FALSE,FALSE,22,445,"RECOGNIZANCE BOND FOR ESCOBAR, HENRY, POSTED 08/11/2020 Docu"
pushmataha,DAIJC,,,FALSE,FALSE,5,429.6,DA FEE - INMATE JAIL COSTS
pushmataha,CFOCTS,,,FALSE,FALSE,12,-401.43,INCARCERATION CREDITS FOR TIME SERVED IN LIEU OF PAYMENT FOR
pushmataha,LABO,,,FALSE,FALSE,3,400,LAB ANALYSIS FEE- - PAY TO OSBI LAB
pushmataha,COSTS,,,FALSE,FALSE,11,370.92,TRAFFIC COSTS (SPEEDING - 1 TO 10 OVER)
pushmataha,DCADMIN25,,,FALSE,FALSE,85,318.75,DISTRICT COURT ADMINISTRATIVE FEE ON $25 COLLECTIONS
pushmataha,T&2,,,FALSE,FALSE,3,318.5,ORIGINAL TRANSCRIPT & 2 COPIES OF PRELIMINARY HEARING ON 7TH
pushmataha,AC78,,,FALSE,FALSE,3,300,OKLAHOMA DEPARTMENT OF HEALTH/TRAUMA CARE FUND
pushmataha,BWIFP,,,FALSE,FALSE,6,300,"BENCH WARRANT ISSUED FAILED TO PAY, JUDGE: JANA WALLACE - BO"
pushmataha,AC01,,,FALSE,FALSE,10,-250,ADJUSTMENT TO ACCOUNTING ENTRIES FOR INITIAL BOND FILING.
pushmataha,AC80,,,FALSE,FALSE,10,250,ADJUSTMENT TO ACCOUNTING ENTRIES FOR INITIAL BOND FILING.
pushmataha,BWIAR,,,FALSE,FALSE,5,250,"BENCH WARRANT ISSUED ON APPLICATION TO REVOKE, JUDGE: JANA W"
pushmataha,CBWF1,,,FALSE,FALSE,50,250,CLERK'S BENCH WARRANT FEE {TITLE 22 O.S.966A}
pushmataha,CCADMIN25,,,FALSE,FALSE,95,237.5,COURT CLERK ADMINISTRATIVE FEE ON $25 COLLECTIONS
pushmataha,IDEA,,,FALSE,FALSE,15,225,DPS IMPAIRED DRIVER DATABASE FEE
pushmataha,BWIFAA,,,FALSE,FALSE,4,200,BENCH WARRANT ISSUED - FAILURE TO APPEAR - APPLICATION TO AC
pushmataha,RETWA,,,FALSE,FALSE,4,200,"WARRANT RETURNED 3/31/2015, WARRANT ISSUED ON 1/22/2015, WAR"
pushmataha,CCDUI,,,FALSE,FALSE,1,166.5,COURT COSTS ON DUI (MUNICIPAL ARREST)
pushmataha,AC08,,,FALSE,FALSE,2,162,SHERIFF'S FEES CIVIL AND CRIMINAL Document Available at Cour
pushmataha,DCADMIN25D,,,FALSE,FALSE,39,146.25,DISTRICT COURT ADMINISTRATIVE FEE ON $25 COLLECTIONS
pushmataha,CBELT,,,FALSE,FALSE,13,130,COURT COSTS ON SEAT BELT VIOLATION
pushmataha,NO,,,FALSE,FALSE,1,108.2,"NOTICE OF ASSESSMENT OF FEES Pursuant to 12 O.S. § 39, Docum"
pushmataha,CCADMIN25D,,,FALSE,FALSE,39,97.5,COURT CLERK ADMINISTRATIVE FEE ON $25 COLLECTIONS
pushmataha,DACPAD,,,FALSE,FALSE,1,83.25,DA COUNCIL PROSECUTION ASSESSMENT FOR MUNICIPAL DUI
pushmataha,MUNI,,,FALSE,FALSE,1,83.25,COSTS TO ARRESTING AGENCY (MUNICIPALITY) ON DUI
pushmataha,BNDE,,,FALSE,FALSE,16,80,BUREAU OF NARCOTICS DRUG EDUCATION REVOLVING FUND
pushmataha,NOSe,,,FALSE,FALSE,8,80,NOTICE OF ABILITY TO SUSPEND ELECTRONICALLY TRANSFERRED TO T
pushmataha,T,,,FALSE,FALSE,1,64.4,COPY OF TRANSCRIPT OF PREL. HEARING AS ORDERED BY JUDGE BURG
pushmataha,BWIAA,,,FALSE,FALSE,1,50,"BENCH WARRANT ISSUED ON APPLICATION TO ACCELERATE, JUDGE: JA"
pushmataha,SII,,,FALSE,FALSE,1,50,"SUBPOENA ISSUED - DUSTIN BRAY Pursuant to 12 O.S. § 39, Docu"
pushmataha,SMS,,,FALSE,FALSE,1,50,"SUMMONS RETURNED, SERVED: QUINTON LEE Document Available (#1"
pushmataha,TCS,,,FALSE,FALSE,1,50,TRANSPORT COST - SHERIFF
pushmataha,WINC,,,FALSE,FALSE,4,40,NOTICE OF CLAIM OKLAHOMA TAX COMMISSION WARRANT INTERCEPT Do
pushmataha,WICF,,,FALSE,FALSE,4,27,WARRANT INTERCEPT 3% COLLECTION FEE
pushmataha,AC31,,,FALSE,FALSE,1,25,COURT CLERK'S REVOLVING FUND CIVIL ANDCRIMINAL
pushmataha,CRF,,,FALSE,FALSE,1,20,COURT REPORTER FEE-TRIAL ON MERITS
pushmataha,CCRMPF,,,FALSE,FALSE,1,10,COURT CLERK'S RECORDS MANAGEMENT AND PRESERVATION FEE
pushmataha,OCASA,,,FALSE,FALSE,1,5,OKLAHOMA COURT APPOINTED SPECIAL ADVOCATES
pushmataha,SFCCC,,,FALSE,FALSE,1,5,ADDITION OF 10% FOR WARRANT COLLECTION
pushmataha,SFCSF,,,FALSE,FALSE,1,-5,REDUCTION IN BENCH WARRANT FEE TO SHERIFF (10%)
pushmataha,OCJC,,,FALSE,FALSE,1,1.55,OKLAHOMA COUNCIL ON JUDICIAL COMPLAINTS REVOLVING FUND
pushmataha,DCADMIN05,,,FALSE,FALSE,1,0.75,DISTRICT COURT ADMINISTRATIVE FEE ON $5 COLLECTIONS
pushmataha,CCADMIN04,,,FALSE,FALSE,1,0.5,COURT CLERK ADMINISTRATIVE FEE ON COLLECTIONS
pushmataha,SJFIS,,,FALSE,FALSE,1,0.45,STATE JUDICIAL REVOLVING FUND - INTERPRETER AND TRANSLATOR S
pushmataha,DCADMIN155,,,FALSE,FALSE,1,0.23,DISTRICT COURT ADMINISTRATIVE FEE ON $1.55 COLLECTIONS
pushmataha,CCADMIN0155,,,FALSE,FALSE,1,0.16,COURT CLERK ADMINISTRATIVE FEE ON $1.55 COLLECTION
rogers,FINE,,,FALSE,FALSE,240,64375,FINES PAYABLE TO COUNTY
rogers,VCA,,,FALSE,FALSE,171,29010,VICTIMS COMPENSATION ASSESSMENT (AC12)
rogers,OCISR,,,FALSE,FALSE,456,11168,OKLAHOMA COURT INFORMATION SYSTEM REVOLVING FUND
rogers,COSTF,,,FALSE,FALSE,86,9005,COURT COSTS ON FELONY
rogers,COSTM,,,FALSE,FALSE,104,8627,COURT COSTS ON MISDEMEANOR
rogers,TCARF,,,FALSE,FALSE,194,6440,TRAUMA CARE ASSISTANCE REVOLVING FUND
rogers,DCADMIN,,,FALSE,FALSE,248,5646.12,DISTRICT COURT ADMINISTRATIVE FEE
rogers,TEXT,,,FALSE,FALSE,15,5363.96,ROGERS COUNTY SHERIFF'S OFFICE TRANSPORTATION STATEMENT Docu
rogers,BOFPD,,,FALSE,FALSE,1,5000,BOND FORFEITURE TENDER- PAID IN CASE
rogers,AIDS,,,FALSE,FALSE,111,4440,APPLICATION FOR APPOINTED COUNSEL AND AFFIDAVIT OF FINANCIAL
rogers,COSTD,,,FALSE,FALSE,13,4329,COURT COSTS ON DUI
rogers,BWIFA,,,FALSE,FALSE,84,4315.51,"BENCH WARRANT ISSUED FAILED TO APPEAR, JUDGE: STEPHEN PAZZO "
rogers,DACPAF,,,FALSE,FALSE,88,4275,DA COUNCIL PROSECUTION ASSESSMENT FOR FELONY
rogers,BOJ,,,FALSE,FALSE,170,4250,BOND INITIAL FILING JAIL FUND FEE
rogers,SFIJC,,,FALSE,FALSE,15,4250,SHERIFF'S FUND - INMATE JAIL COSTS
rogers,DPSFEE,,,FALSE,FALSE,76,3942,DPS PATROL VEHICLE FUND FEE ASSESSMENT
rogers,CCADMIN,,,FALSE,FALSE,264,3917.12,COURT CLERK ADMINISTRATIVE FEE ON COLLECTIONS
rogers,BO,,,FALSE,FALSE,212,3895,"SURETY BOND FOR PUSZTAI, BRET AARON POSTED BY KERR, JOHN EDW"
rogers,COSTT,,,FALSE,FALSE,40,3515,TRAFFIC COSTS
rogers,DACPAM,,,FALSE,FALSE,108,3105,DA COUNCIL PROSECUTION ASSESSMENT FOR MISDEMEANOR
rogers,ATFEE,,,FALSE,FALSE,16,3100,COURT APPOINTED ATTORNEY FEE ASSESSED TO DEFENDANT (OIDS)
rogers,BWIAR,,,FALSE,FALSE,41,2689.76,"BENCH WARRANT ISSUED ON MOTION TO REVOKE, JUDGE: LARA RUSSEL"
rogers,CLEET,,,FALSE,FALSE,246,2369.5,C.L.E.E.T. PENALTY ASSESSMENT
rogers,SSFCHS,,,FALSE,FALSE,244,2368.5,SHERIFF’S SERVICE FEE FOR COURT HOUSE SECURITY
rogers,AFIS,,,FALSE,FALSE,246,2293.5,C.L.E.E.T. PENALTY ASSESSMENT FOR AFIS
rogers,FOREN,,,FALSE,FALSE,246,2293.5,FORENSIC SCIENCE IMPROVEMENT ASSESSMENT
rogers,SFC,,,FALSE,FALSE,4,1938.76,CASE SENT FOR COLLECTION. BATCH ID: 20100625-106 - COLLECTIO
rogers,MELRF,,,FALSE,FALSE,188,1880,MEDICAL EXPENSE LIABILITY REVOLVING FUND
rogers,PFE7,,,FALSE,FALSE,245,1470,LAW LIBRARY FEE
rogers,BWIAA,,,FALSE,FALSE,23,1299.68,"BENCH WARRANT ISSUED ON APPLICATION TO ACCELERATE, JUDGE: LA"
rogers,WAI$,,,FALSE,FALSE,25,1293.77,"WARRANT OF ARREST ISSUED, JUDGE: TERRELL CROSSON - BOND AMOU"
rogers,SSF,,,FALSE,FALSE,258,1254.25,SHERIFF'S SERVICE FEE ON ARRESTS
rogers,AC01,,,FALSE,FALSE,66,-1200,CORRECTIONS TO ACCOUNTING ENTRIES FOR INITIAL BOND FILING.
rogers,AC80,,,FALSE,FALSE,66,1200,CORRECTIONS TO ACCOUNTING ENTRIES FOR INITIAL BOND FILING.
rogers,DACPAT,,,FALSE,FALSE,50,844.4,DA COUNCIL PROSECUTION ASSESSMENT FOR TRAFFIC
rogers,ADJUST,,,FALSE,FALSE,400,817.03,ADJUSTING ENTRY: MONIES DUE TO AC09-CARD ALLOCATION
rogers,DCADMIN25,,,FALSE,FALSE,216,810,DISTRICT COURT ADMINISTRATIVE FEE ON $25 COLLECTIONS
rogers,AGVSU,,,FALSE,FALSE,244,709.9,ATTORNEY GENERAL VICTIM SERVICES UNIT
rogers,CHAB,,,FALSE,FALSE,244,709.9,C.H.A.B. STATUTORY FEE
rogers,TCS,,,FALSE,FALSE,12,600,TRANSPORT COST - SHERIFF
rogers,CCADMIN25,,,FALSE,FALSE,226,565,COURT CLERK ADMINISTRATIVE FEE ON $25 COLLECTIONS
rogers,RECCM,,,FALSE,FALSE,28,561.76,RECEIPT FOR CERTIFIED MAIL X 2
rogers,BWIFAA,,,FALSE,FALSE,1,540,BENCH WARRANT ISSUED - FAILURE TO APPEAR - APPLICATION TO AC
rogers,BFR,,,FALSE,FALSE,20,-500,BOND FEE REALLOCATION FROM COURT FUND
rogers,BOJD,,,FALSE,FALSE,20,500,BOND INITIAL FILING JAIL FUND FEE
rogers,DAIJC,,,FALSE,FALSE,15,472,DA FEE - INMATE JAIL COSTS
rogers,COSTS,,,FALSE,FALSE,13,438.36,TRAFFIC COSTS (SPEEDING - 1 TO 10 OVER)
rogers,PR,,,FALSE,FALSE,32,395,"PERSONAL RECOGNIZANCE BOND FOR HODGES, DONVIL STEVEN, POSTED"
rogers,CCDUI,,,FALSE,FALSE,2,333,COURT COSTS ON DUI (MUNICIPAL ARREST)
rogers,BWIFP,,,FALSE,FALSE,5,250,"BENCH WARRANT ISSUED FAILED TO PAY, JUDGE: ERIN OQUIN - BOND"
rogers,IDEA,,,FALSE,FALSE,15,225,DPS IMPAIRED DRIVER DATABASE FEE
rogers,DORNJT,,,FALSE,FALSE,1,200,"NOTICE OF INTENT TO APPEAL; APPELLATE COUNSEL, PREPARATION O"
rogers,DACPAD,,,FALSE,FALSE,2,166.5,DA COUNCIL PROSECUTION ASSESSMENT FOR MUNICIPAL DUI
rogers,MUNI,,,FALSE,FALSE,2,166.5,COSTS TO ARRESTING AGENCY (MUNICIPALITY) ON DUI
rogers,WICF,,,FALSE,FALSE,16,166.23,WARRANT INTERCEPT 3% COLLECTION FEE
rogers,WINC,,,FALSE,FALSE,15,150,NOTICE OF CLAIM OKLAHOMA TAX COMMISSION WARRANT INTERCEPT Do
rogers,CRF,,,FALSE,FALSE,7,130,COURT REPORTER FEE (MIN OF 4-14-05)
rogers,REC02,,,FALSE,FALSE,6,120,RECEIPTS (2) FOR CERTIFIED MAIL
rogers,BNDE,,,FALSE,FALSE,23,115,BUREAU OF NARCOTICS DRUG EDUCATION REVOLVING FUND
rogers,WFPDA,,,FALSE,FALSE,2,87.99,CERTIFICATION TO COURT CLERK Document Available (#1042578259
rogers,IFA,,,FALSE,FALSE,1,80,INTERPRETER FEE ASSESSED/ HOURLY
rogers,O,,,FALSE,FALSE,2,80,COURT ORDER APPOINTING OIDS (FILED IN CF-22-455) Document Av
rogers,DCADMIN25D,,,FALSE,FALSE,19,71.25,DISTRICT COURT ADMINISTRATIVE FEE ON $25 COLLECTIONS
rogers,BWIFAR,,,FALSE,FALSE,1,50,BENCH WARRANT ISSUED - FAILURE TO APPEAR - APPLICATION TO RE
rogers,CBELT,,,FALSE,FALSE,5,50,COURT COSTS ON SEAT BELT VIOLATION
rogers,CCADMIN25D,,,FALSE,FALSE,20,50,COURT CLERK ADMINISTRATIVE FEE ON $25 COLLECTIONS
rogers,NOFe,,,FALSE,FALSE,5,50,NOTICE OF FAILURE TO COMPLY ELECTRONICALLY TRANSFERRED TO TH
rogers,CBWF1,,,FALSE,FALSE,5,25,CLERK'S BENCH WARRANT FEE {TITLE 22 O.S.966A}
rogers,AC31,,,FALSE,FALSE,9,-22.5,CORRECTIONS TO ACCOUNTING ENTRIES FOR INITIAL BOND FILING.
rogers,SFCCC,,,FALSE,FALSE,4,20,ADDITION OF 10% FOR WARRANT COLLECTION
rogers,SFCSF,,,FALSE,FALSE,4,-20,REDUCTION IN BENCH WARRANT FEE TO SHERIFF (10%)
rogers,CFT,,,FALSE,FALSE,1,10,COURT FUND TRANSFER - PER 28 O.S. 106
rogers,NOBF,,,FALSE,FALSE,1,10,COPY OF NON- PAYMENT OF BOND FORFEITURE Document Available a
rogers,TCARFF,,,FALSE,FALSE,1,10,TRAUMA CARE ASSISTANCE REVOLVING FUND FINE
tulsa,FINE,,,FALSE,FALSE,128,46255,FINES PAYABLE TO COUNTY
tulsa,DRUGAC14,,,FALSE,FALSE,1,25000,DRUG OFFESE FINE PAYABLE TO AC14
tulsa,DRUGAC26,,,FALSE,FALSE,1,25000,GENERAL REVOLVING FUND (DA DRUG FUND)
tulsa,DRUGAC27,,,FALSE,FALSE,1,25000,DRUG ABUSE EDUCATION FUND (63 O.S. 2-417)
tulsa,DRUGAC30,,,FALSE,FALSE,1,25000,MUNICIPAL/AGENCY FINES/FEES
tulsa,CFOWAV,,,FALSE,FALSE,92,-12458.51,WAIVER OF COURT FINANCIAL OBLIGATION FOR IN THE AMOUNT OF $ 
tulsa,VCA,,,FALSE,FALSE,75,11975,VICTIMS COMPENSATION ASSESSMENT (AC12)
tulsa,OCISR,,,FALSE,FALSE,454,11032,OKLAHOMA COURT INFORMATION SYSTEM REVOLVING FUND
tulsa,CTFD,,,FALSE,FALSE,40,10140,COURT FUND ASSESSMENT
tulsa,COSTF,,,FALSE,FALSE,74,7578,COURT COSTS ON FELONY
tulsa,O&JPT,,,FALSE,FALSE,4,5500,ORDER & JUDGMENT OF FORFEITURE - CERTIFIED COPY TO PRE-TRIAL
tulsa,BOFTO,,,FALSE,FALSE,3,5375,BOND FORFEITURE TENDER PAID TO STATE
tulsa,COSTT,,,FALSE,FALSE,59,5170,TRAFFIC COSTS
tulsa,TCARF,,,FALSE,FALSE,147,4530,TRAUMA CARE ASSISTANCE REVOLVING FUND
tulsa,COSTM,,,FALSE,FALSE,54,4482,COURT COSTS ON MISDEMEANOR
tulsa,CTS,,,FALSE,FALSE,49,-3745.63,"CREDIT TIME SERVED FOR PHIPPS, RASHAD CARLTON AMOUNT OF $ 70"
tulsa,BOJ,,,FALSE,FALSE,136,3400,BOND INITIAL FILING JAIL FUND FEE
tulsa,DACPAF,,,FALSE,FALSE,72,3325,DA COUNCIL PROSECUTION ASSESSMENT FOR FELONY
tulsa,DCADMIN,,,FALSE,FALSE,182,3301.83,DISTRICT COURT ADMINISTRATIVE FEE
tulsa,DPSFEE,,,FALSE,FALSE,85,3188,DPS PATROL VEHICLE FUND FEE ASSESSMENT
tulsa,SFC,,,FALSE,FALSE,12,3184.19,CASE SENT FOR COLLECTION. BATCH ID: 20080731-161 - COLLECTIO
tulsa,BWIFA,,,FALSE,FALSE,57,2830,"BENCH WARRANT ISSUED FAILED TO APPEAR. BOND $15,000"
tulsa,SORET,,,FALSE,FALSE,16,2548.67,SHERIFF'S RETURN-TRANSPORTATION COSTS ON WRIT FROM EDDIE WAR
tulsa,CCADMIN,,,FALSE,FALSE,204,2373.88,COURT CLERK ADMINISTRATIVE FEE ON COLLECTIONS
tulsa,PYREQ,,,FALSE,FALSE,7,2180.5,"PAYMENT REQUEST - TRANSCRIPTS Pursuant to 12 O.S. § 39, Docu"
tulsa,CLEET,,,FALSE,FALSE,203,1927.92,C.L.E.E.T. PENALTY ASSESSMENT
tulsa,SSFCHS,,,FALSE,FALSE,193,1864,SHERIFF’S SERVICE FEE FOR COURT HOUSE SECURITY
tulsa,AFIS,,,FALSE,FALSE,203,1776.94,C.L.E.E.T. PENALTY ASSESSMENT FOR AFIS
tulsa,FOREN,,,FALSE,FALSE,199,1744,FORENSIC SCIENCE IMPROVEMENT ASSESSMENT
tulsa,DACPAM,,,FALSE,FALSE,59,1740,DA COUNCIL PROSECUTION ASSESSMENT FOR MISDEMEANOR
tulsa,EMF,,,FALSE,FALSE,6,1674,ELECTRONIC MONITORING DEVICE SUPERVISION FEE
tulsa,COSTD,,,FALSE,FALSE,5,1665,COURT COSTS ON DUI
tulsa,WAI$,,,FALSE,FALSE,28,1400,"WARRANT OF ARREST ISSUED, JUDGE: CLIFFORD SMITH - BOND AMOUN"
tulsa,BO,,,FALSE,FALSE,84,1390,"PROFESSIONAL BOND FOR BOOKER, STEWART LANCE POSTED BY EMERSO"
tulsa,BOTRF,,,FALSE,FALSE,70,1250,A BOND FROM CASE # NF-2005-4488 DATED 07/05/2005 HAS BEEN TR
tulsa,MELRF,,,FALSE,FALSE,125,1250,MEDICAL EXPENSE LIABILITY REVOLVING FUND
tulsa,PFE7,,,FALSE,FALSE,198,1179,LAW LIBRARY FEE
tulsa,DACPAT,,,FALSE,FALSE,68,1145.6,DA COUNCIL PROSECUTION ASSESSMENT FOR TRAFFIC
tulsa,WFPDA,,,FALSE,FALSE,38,1071.91,WITNESS FEES PAID BY DISTRICT ATTORNEY 11-20-14 Document Ava
tulsa,BWIAA,,,FALSE,FALSE,21,1030,"BENCH WARRANT ISSUED ON APPLICATION TO ACCELERATE BOND $5,00"
tulsa,RETJS$,,,FALSE,FALSE,21,1030,RETURN JUDGMENT & SENTENCE
tulsa,REC02,,,FALSE,FALSE,24,1026,RECEIPTS (2) FOR CERTIFIED MAIL
tulsa,SSF,,,FALSE,FALSE,210,1017,SHERIFF'S SERVICE FEE ON ARRESTS
tulsa,CCDUI,,,FALSE,FALSE,6,999,COURT COSTS ON DUI (MUNICIPAL ARREST)
tulsa,DCPF,,,FALSE,FALSE,5,980,DRUG COURT PROGRAM FEE
tulsa,BWIFP,,,FALSE,FALSE,20,960,BENCH WARRANT ISSUED FAILED TO PAY$535.70
tulsa,BWIAR,,,FALSE,FALSE,19,910,"BENCH WARRANT ISSUED ON APPLICATION TO REVOKE BOND $6,000."
tulsa,PR,,,FALSE,FALSE,43,830,"RECOGNIZANCE BOND FOR SANUSI, SAINDS DEQUIN, COUNT NUMBER 1,"
tulsa,AC80,,,FALSE,FALSE,38,750,CORRECTIONS TO ACCOUNTING ENTRIES FOR INITIAL BOND FILING.
tulsa,BWIFAA,,,FALSE,FALSE,15,750,BENCH WARRANT ISSUED - FAILURE TO APPEAR - APPLICATION TO AC
tulsa,AC14,,,FALSE,FALSE,2,710,ACCOUNT BALANCE- AC14. AS OF CONVERSION FROM THE MAINFRAME (
tulsa,COPYI,,,FALSE,FALSE,3,700,COPY OF INDEX OF APPEAL RECORD (2) WITH ORIGINAL AND TWO COP
tulsa,AC01,,,FALSE,FALSE,40,-648,ACCOUNT BALANCE- AC01. AS OF CONVERSION FROM THE MAINFRAME (
tulsa,RTSUB$,,,FALSE,FALSE,12,600,RETURN SUBPOENA Document Available (#1053369552) TIFF PDF
tulsa,DCADMIN25,,,FALSE,FALSE,152,570,DISTRICT COURT ADMINISTRATIVE FEE ON $25 COLLECTIONS
tulsa,AGVSU,,,FALSE,FALSE,193,558.6,ATTORNEY GENERAL VICTIM SERVICES UNIT
tulsa,CHAB,,,FALSE,FALSE,193,558.6,C.H.A.B. STATUTORY FEE
tulsa,BWIFAR,,,FALSE,FALSE,11,550,BENCH WARRANT ISSUED - FAILURE TO APPEAR - APPLICATION TO RE
tulsa,SFCX,,,FALSE,FALSE,13,-523.66,ADJUSTING ENTRY OF ADMINISTRATIVE COST FOR SHERIFF'S WARRANT
tulsa,AC12,,,FALSE,FALSE,2,500,ACCOUNT BALANCE- AC12. AS OF CONVERSION FROM THE MAINFRAME (
tulsa,DACPAD,,,FALSE,FALSE,6,499.5,DA COUNCIL PROSECUTION ASSESSMENT FOR MUNICIPAL DUI
tulsa,MUNI,,,FALSE,FALSE,6,499.5,COSTS TO ARRESTING AGENCY (MUNICIPALITY) ON DUI
tulsa,CCADMIN25,,,FALSE,FALSE,168,420,COURT CLERK ADMINISTRATIVE FEE ON $25 COLLECTIONS
tulsa,COSTS,,,FALSE,FALSE,12,404.64,TRAFFIC COSTS (SPEEDING - 1 TO 10 OVER)
tulsa,BWICA,,,FALSE,FALSE,8,400,"BENCH WARRANT ISSUED - CAUSE, JUDGE: DAWN MOODY - BOND AMOUN"
tulsa,DADRUG,,,FALSE,FALSE,2,300,DISTRICT ATTORNEY DRUG ASSESSMENT
tulsa,ADJUST,,,FALSE,FALSE,122,277.94,ADJUSTING ENTRY: MONIES DUE TO AC09-CARD ALLOCATION
tulsa,WINC,,,FALSE,FALSE,23,230,NOTICE OF CLAIM OKLAHOMA TAX COMMISSION WARRANT INTERCEPT Do
tulsa,WICF,,,FALSE,FALSE,22,224.7,WARRANT INTERCEPT 3% COLLECTION FEE
tulsa,BFR,,,FALSE,FALSE,8,-200,BOND FEE REALLOCATION FROM COURT FUND
tulsa,BOJD,,,FALSE,FALSE,8,200,BOND INITIAL FILING JAIL FUND FEE
tulsa,RETO$,,,FALSE,FALSE,4,200,RETURN ORDER REVOKING SUSPENDED SENTENCE Document Available 
tulsa,REQCR,,,FALSE,FALSE,9,180,COURT REPORTER FEE AT TRIAL (JURY/NON-JURY/PRELIMINARY)
tulsa,RETOR,,,FALSE,FALSE,4,180,RETURN ORDER REVOKING SUSPENDED SENTENCE
tulsa,IDEA,,,FALSE,FALSE,11,165,DPS IMPAIRED DRIVER DATABASE FEE
tulsa,SFCM,,,FALSE,FALSE,6,158.5,SENT FOR COLLECTIONS MANUALLY - ADDITIONAL CHARGES
tulsa,CNP,,,FALSE,FALSE,1,-153.09,CASE NOT PROCESSED. BATCH ID: 20130201-3317 - COLLECTION ID:
tulsa,CBWF1,,,FALSE,FALSE,20,100,CLERK'S BENCH WARRANT FEE {TITLE 22 O.S.966A}
tulsa,NFC,,,FALSE,FALSE,8,80,NOTICE OF FAILURE TO COMPLY MAILED
tulsa,SFCCC,,,FALSE,FALSE,16,80,ADDITION OF 10% FOR WARRANT COLLECTION
tulsa,SFCSF,,,FALSE,FALSE,16,-80,REDUCTION IN BENCH WARRANT FEE TO SHERIFF (10%)
tulsa,CBELT,,,FALSE,FALSE,7,70,COURT COSTS ON SEAT BELT VIOLATION
tulsa,REQJTCR,,,FALSE,FALSE,2,60,REQUEST FOR JURY TRIAL
tulsa,FINEDPS,,,FALSE,FALSE,1,50,FINE PAYABLE TO DPS REVOLVING FUND
tulsa,RTNOC,,,FALSE,FALSE,1,50,RETURN NOTICE OF HEARING - COMPETENCY Document Available (#1
tulsa,TCS,,,FALSE,FALSE,1,50,TRANSPORT COST - SHERIFF
tulsa,RECCM,,,FALSE,FALSE,4,46,RECEIPT FOR CERTIFIED MAIL
tulsa,BNDE,,,FALSE,FALSE,9,45,BUREAU OF NARCOTICS DRUG EDUCATION REVOLVING FUND
tulsa,AC08,,,FALSE,FALSE,1,40,ACCOUNT BALANCE- AC08. AS OF CONVERSION FROM THE MAINFRAME (
tulsa,TEXT,,,FALSE,FALSE,4,40,NOTICE OF FAILURE TO COMPLY MAILED
tulsa,DCADMIN25D,,,FALSE,FALSE,8,30,DISTRICT COURT ADMINISTRATIVE FEE ON $25 COLLECTIONS
tulsa,NOFe,,,FALSE,FALSE,3,30,NOTICE OF FAILURE TO COMPLY ELECTRONICALLY TRANSFERRED TO TH
tulsa,RETO,,,FALSE,FALSE,1,30,RETURN ORDER REVOKING SUSPENDED SENTENCE
tulsa,CCADMIN25D,,,FALSE,FALSE,8,20,COURT CLERK ADMINISTRATIVE FEE ON $25 COLLECTIONS
tulsa,DCADMIN10,,,FALSE,FALSE,6,9,DISTRICT COURT ADMINISTRATIVE FEE ON $10 COLLECTIONS
tulsa,AC22,,,FALSE,FALSE,1,5,ACCOUNT BALANCE- AC22. AS OF CONVERSION FROM THE MAINFRAME (
tulsa,AC31,,,FALSE,FALSE,5,-5,ACCOUNT BALANCE- AC31. AS OF CONVERSION FROM THE MAINFRAME (
tulsa,SFCCCR,,,FALSE,FALSE,1,-5,ADDITION OF 10% FOR WARRANT COLLECTION REVERSED
tulsa,SFCSFR,,,FALSE,FALSE,1,5,REDUCTION IN BENCH WARRANT FEE TO SHERIFF (10%) REVERSED
tulsa,AC21,,,FALSE,FALSE,1,3,ACCOUNT BALANCE- AC21. AS OF CONVERSION FROM THE MAINFRAME (
tulsa,AC23,,,FALSE,FALSE,1,3,ACCOUNT BALANCE- AC23. AS OF CONVERSION FROM THE MAINFRAME (
tulsa,CCADMINA,,,FALSE,FALSE,3,3,COURT CLERK ADMINISTRATIVE FEE ON AFIS COLLECTIONS
tulsa,CCADMINC,,,FALSE,FALSE,3,3,COURT CLERK ADMINISTRATIVE FEE ON CLEET COLLECTIONS
tulsa,AC11,,,FALSE,FALSE,1,2.74,ACCOUNT BALANCE- AC11. AS OF CONVERSION FROM THE MAINFRAME (
tulsa,CLEETA,,,FALSE,FALSE,1,0.08,CLEET ADMINISTRATIVE FEE
tulsa,AFISA,,,FALSE,FALSE,1,0.06,AFIS ADMINISTRATIVE FEE
